DriverNumber,Driver,Team,LapNumber,LapTime,Stint,Sector1Time,Sector2Time,Sector3Time,SpeedI1,SpeedI2,SpeedFL,SpeedST,Compound,TyreLife,FreshTyre,IsPersonalBest,Position
81,13,5,1.0,124.986,1.0,34.9285,29.518,58.921,287.0,304.0,163.0,145.0,1,1.0,True,False,3.0
81,13,5,4.0,94.247,1.0,34.829,29.607,29.811,287.0,300.0,294.0,307.0,1,4.0,True,True,2.0
81,13,5,5.0,93.418,1.0,34.522,29.411,29.485,289.0,303.0,304.0,325.0,1,5.0,True,True,2.0
81,13,5,6.0,93.917,1.0,34.783,29.453,29.681,289.0,301.0,296.0,308.0,1,6.0,True,False,2.0
81,13,5,7.0,93.523,1.0,34.373,29.422,29.728,290.0,300.0,296.0,306.0,1,7.0,True,False,2.0
81,13,5,8.0,93.893,1.0,34.442,29.51,29.941,289.0,300.0,296.0,307.0,1,8.0,True,False,2.0
81,13,5,9.0,93.5,1.0,34.313,29.439,29.748,290.0,300.0,305.0,308.0,1,9.0,True,False,2.0
81,13,5,10.0,94.045,1.0,34.605,29.507,29.933,289.0,300.0,296.0,308.0,1,10.0,True,False,2.0
81,13,5,11.0,93.808,1.0,34.58,29.489,29.739,289.0,304.0,305.0,311.0,1,11.0,True,False,2.0
81,13,5,12.0,93.77,1.0,34.622,29.451,29.697,289.0,304.0,305.0,325.0,1,12.0,True,False,2.0
81,13,5,13.0,94.28,1.0,34.793,29.535,29.951999999999998,288.0,303.0,295.0,310.0,1,13.0,True,False,2.0
81,13,5,14.0,94.072,1.0,34.687,29.512,29.873,289.0,304.0,295.0,311.0,1,14.0,True,False,2.0
81,13,5,15.0,94.149,1.0,34.695,29.55,29.904,289.0,304.0,296.0,310.0,1,15.0,True,False,2.0
81,13,5,16.0,94.124,1.0,34.602,29.559,29.963,289.0,306.0,296.0,311.0,1,16.0,True,False,2.0
81,13,5,17.0,94.279,1.0,34.66,29.568,30.051,289.0,302.0,296.0,307.0,1,17.0,True,False,2.0
81,13,5,18.0,94.16,1.0,34.63,29.58,29.95,289.0,304.0,296.0,309.0,1,18.0,True,False,2.0
81,13,5,19.0,96.45,1.0,34.626,29.498,32.326,288.0,301.0,299.0,309.0,1,19.0,True,False,2.0
81,13,5,20.0,110.606,2.0,51.972,29.347,29.287,290.0,302.0,299.0,310.0,0,1.0,True,False,6.0
81,13,5,21.0,93.795,2.0,34.459,29.2,30.136,292.0,329.0,296.0,304.0,0,2.0,True,False,4.0
81,13,5,22.0,94.024,2.0,34.785,29.587,29.652,290.0,301.0,297.0,307.0,0,3.0,True,False,3.0
81,13,5,23.0,93.119,2.0,34.381,29.22,29.518,291.0,302.0,298.0,308.0,0,4.0,True,True,3.0
81,13,5,24.0,92.76,2.0,34.193,29.187,29.38,289.0,300.0,298.0,309.0,0,5.0,True,True,3.0
81,13,5,25.0,93.092,2.0,34.283,29.231,29.578,289.0,304.0,298.0,308.0,0,6.0,True,False,3.0
81,13,5,26.0,92.922,2.0,34.266,29.162,29.494,292.0,302.0,298.0,308.0,0,7.0,True,False,3.0
81,13,5,27.0,92.875,2.0,34.366,29.086,29.423,291.0,302.0,299.0,309.0,0,8.0,True,False,3.0
81,13,5,28.0,92.831,2.0,34.294,29.159,29.378,292.0,306.0,299.0,311.0,0,9.0,True,False,3.0
81,13,5,29.0,92.808,2.0,34.288,29.162,29.358,289.0,306.0,299.0,313.0,0,10.0,True,False,3.0
81,13,5,30.0,92.938,2.0,34.367,29.205,29.366,289.0,303.0,299.0,312.0,0,11.0,True,False,2.0
81,13,5,31.0,92.774,2.0,34.242,29.168,29.364,289.0,304.0,299.0,312.0,0,12.0,True,False,2.0
81,13,5,32.0,92.787,2.0,34.166,29.203,29.418,289.0,306.0,299.0,311.0,0,13.0,True,False,2.0
81,13,5,33.0,92.657,2.0,34.109,29.134,29.414,289.0,307.0,300.0,311.0,0,14.0,True,True,2.0
81,13,5,34.0,93.201,2.0,34.353,29.343,29.505,290.0,305.0,299.0,310.0,0,15.0,True,False,1.0
81,13,5,35.0,92.555,2.0,34.021,29.029,29.505,291.0,305.0,299.0,309.0,0,16.0,True,True,1.0
81,13,5,36.0,92.624,2.0,33.979,29.164,29.481,289.0,305.0,299.0,307.0,0,17.0,True,False,1.0
81,13,5,37.0,92.7,2.0,33.934,29.202,29.564,293.0,302.0,299.0,306.0,0,18.0,True,False,1.0
81,13,5,38.0,92.663,2.0,34.082,29.184,29.397,291.0,306.0,300.0,308.0,0,19.0,True,False,1.0
81,13,5,39.0,92.701,2.0,34.066,29.177,29.458,293.0,305.0,300.0,310.0,0,20.0,True,False,1.0
81,13,5,40.0,92.778,2.0,34.194,29.092,29.492,289.0,307.0,300.0,311.0,0,21.0,True,False,1.0
81,13,5,41.0,92.987,2.0,34.28,29.201,29.506,289.0,308.0,311.0,313.0,0,22.0,True,False,1.0
81,13,5,42.0,92.686,2.0,33.944,29.142,29.6,289.0,306.0,301.0,310.0,0,23.0,True,False,1.0
81,13,5,43.0,92.871,2.0,34.141,29.138,29.592,289.0,307.0,302.0,311.0,0,24.0,True,False,1.0
81,13,5,44.0,92.815,2.0,34.184,29.22,29.411,289.0,307.0,301.0,312.0,0,25.0,True,False,1.0
81,13,5,45.0,92.393,2.0,34.08,28.96,29.353,289.0,312.0,303.0,315.0,0,26.0,True,True,1.0
81,13,5,46.0,93.352,2.0,34.527,29.24,29.585,289.0,326.0,311.0,336.0,0,27.0,True,False,1.0
81,13,5,47.0,92.669,2.0,33.975,29.148,29.546,294.0,309.0,299.0,311.0,0,28.0,True,False,1.0
81,13,5,48.0,92.728,2.0,34.067,29.099,29.562,289.0,307.0,301.0,310.0,0,29.0,True,False,1.0
81,13,5,49.0,92.927,2.0,34.201,29.231,29.495,289.0,308.0,302.0,310.0,0,30.0,True,False,1.0
81,13,5,50.0,92.228,2.0,33.951,28.888,29.389,289.0,309.0,297.0,314.0,0,31.0,True,True,1.0
1,18,8,1.0,123.217,1.0,34.9285,29.566,57.946,284.0,294.0,193.0,175.0,1,1.0,True,False,2.0
1,18,8,4.0,93.831,1.0,34.345,29.659,29.826999999999998,286.0,294.0,291.0,298.0,1,4.0,True,True,1.0
1,18,8,5.0,93.716,1.0,34.376,29.547,29.793,285.0,295.0,292.0,299.0,1,5.0,True,True,1.0
1,18,8,6.0,93.564,1.0,34.33,29.438,29.796,286.0,297.0,292.0,301.0,1,6.0,True,True,1.0
1,18,8,7.0,93.511,1.0,34.25,29.473,29.788,285.0,296.0,292.0,302.0,1,7.0,True,True,1.0
1,18,8,8.0,93.891,1.0,34.507,29.479,29.905,286.0,296.0,292.0,301.0,1,8.0,True,False,1.0
1,18,8,9.0,93.798,1.0,34.349,29.492,29.957,287.0,297.0,292.0,303.0,1,9.0,True,False,1.0
1,18,8,10.0,93.813,1.0,34.306,29.503,30.004,288.0,297.0,292.0,303.0,1,10.0,True,False,1.0
1,18,8,11.0,94.001,1.0,34.321,29.671,30.009,285.0,295.0,292.0,301.0,1,11.0,True,False,1.0
1,18,8,12.0,93.96,1.0,34.347,29.63,29.983,287.0,297.0,292.0,303.0,1,12.0,True,False,1.0
1,18,8,13.0,93.856,1.0,34.361,29.563,29.932,289.0,297.0,292.0,302.0,1,13.0,True,False,1.0
1,18,8,14.0,93.901,1.0,34.346,29.605,29.95,289.0,298.0,292.0,303.0,1,14.0,True,False,1.0
1,18,8,15.0,93.9,1.0,34.304,29.6,29.996,289.0,298.0,292.0,303.0,1,15.0,True,False,1.0
1,18,8,16.0,93.758,1.0,34.308,29.524,29.926,288.0,297.0,293.0,303.0,1,16.0,True,False,1.0
1,18,8,17.0,93.797,1.0,34.273,29.552,29.972,289.0,298.0,293.0,303.0,1,17.0,True,False,1.0
1,18,8,18.0,93.81,1.0,34.373,29.5,29.937,286.0,297.0,293.0,302.0,1,18.0,True,False,1.0
1,18,8,19.0,93.914,1.0,34.355,29.623,29.936,287.0,297.0,294.0,303.0,1,19.0,True,False,1.0
1,18,8,20.0,94.038,1.0,34.488,29.581,29.969,289.0,298.0,294.0,303.0,1,20.0,True,False,1.0
1,18,8,21.0,96.5,1.0,34.592,29.564,32.344,288.0,297.0,299.0,314.0,1,21.0,True,False,1.0
1,18,8,22.0,115.832,2.0,56.93,29.397,29.505,286.0,299.0,309.0,305.0,0,1.0,True,False,5.0
1,18,8,23.0,94.112,2.0,34.724,29.76,29.628,290.0,306.0,296.0,325.0,0,2.0,True,False,4.0
1,18,8,24.0,93.419,2.0,34.44,29.354,29.625,288.0,299.0,296.0,304.0,0,3.0,True,True,4.0
1,18,8,25.0,93.067,2.0,34.23,29.304,29.533,289.0,301.0,297.0,306.0,0,4.0,True,True,4.0
1,18,8,26.0,93.02,2.0,34.232,29.277,29.511,290.0,301.0,297.0,306.0,0,5.0,True,True,4.0
1,18,8,27.0,92.936,2.0,34.098,29.286,29.552,289.0,303.0,297.0,308.0,0,6.0,True,True,4.0
1,18,8,28.0,92.958,2.0,34.049,29.316,29.593,290.0,300.0,297.0,307.0,0,7.0,True,False,4.0
1,18,8,29.0,93.079,2.0,34.175,29.277,29.627,289.0,302.0,297.0,307.0,0,8.0,True,False,4.0
1,18,8,30.0,92.811,2.0,34.059,29.254,29.498,289.0,301.0,297.0,307.0,0,9.0,True,True,3.0
1,18,8,31.0,92.782,2.0,34.034,29.188,29.56,289.0,301.0,297.0,307.0,0,10.0,True,True,3.0
1,18,8,32.0,92.773,2.0,34.048,29.22,29.505,289.0,300.0,297.0,306.0,0,11.0,True,True,3.0
1,18,8,33.0,92.736,2.0,33.898,29.281,29.557,291.0,302.0,298.0,306.0,0,12.0,True,True,3.0
1,18,8,34.0,92.696,2.0,33.98,29.238,29.478,292.0,303.0,298.0,307.0,0,13.0,True,True,3.0
1,18,8,35.0,92.743,2.0,33.985,29.235,29.523,289.0,304.0,297.0,308.0,0,14.0,True,False,2.0
1,18,8,36.0,92.691,2.0,33.922,29.206,29.563,290.0,303.0,298.0,306.0,0,15.0,True,True,2.0
1,18,8,37.0,92.91,2.0,33.941,29.248,29.721,291.0,303.0,298.0,308.0,0,16.0,True,False,2.0
1,18,8,38.0,92.71,2.0,33.901,29.249,29.56,289.0,302.0,299.0,304.0,0,17.0,True,False,2.0
1,18,8,39.0,92.681,2.0,33.887,29.22,29.574,289.0,303.0,298.0,306.0,0,18.0,True,True,2.0
1,18,8,40.0,92.56,2.0,33.937,29.183,29.44,290.0,303.0,298.0,307.0,0,19.0,True,True,2.0
1,18,8,41.0,92.568,2.0,33.774,29.238,29.556,293.0,303.0,299.0,307.0,0,20.0,True,False,2.0
1,18,8,42.0,92.5,2.0,33.814,29.244,29.442,289.0,304.0,300.0,308.0,0,21.0,True,True,2.0
1,18,8,43.0,93.182,2.0,34.22,29.394,29.568,290.0,303.0,298.0,306.0,0,22.0,True,False,2.0
1,18,8,44.0,92.512,2.0,33.839,29.197,29.476,291.0,304.0,299.0,309.0,0,23.0,True,False,2.0
1,18,8,45.0,92.466,2.0,33.798,29.175,29.493,293.0,303.0,299.0,307.0,0,24.0,True,True,2.0
1,18,8,46.0,92.324,2.0,33.712,29.135,29.477,289.0,308.0,300.0,314.0,0,25.0,True,True,2.0
1,18,8,47.0,92.873,2.0,34.309,29.233,29.331,291.0,305.0,300.0,310.0,0,26.0,True,False,2.0
1,18,8,48.0,92.697,2.0,34.145,29.244,29.308,293.0,308.0,311.0,315.0,0,27.0,True,False,2.0
1,18,8,49.0,92.28,2.0,33.667,29.138,29.475,292.0,306.0,300.0,308.0,0,28.0,True,True,2.0
1,18,8,50.0,92.453,2.0,33.885,29.095,29.473,293.0,305.0,291.0,307.0,0,29.0,True,False,2.0
16,10,2,1.0,127.865,1.0,34.9285,29.948,60.075,287.0,292.0,172.0,123.0,1,1.0,True,False,5.0
16,10,2,4.0,95.845,1.0,36.226,29.756,29.863,287.0,306.0,296.0,320.0,1,4.0,True,True,4.0
16,10,2,5.0,94.428,1.0,35.045,29.634,29.749,289.0,315.0,297.0,311.0,1,5.0,True,True,4.0
16,10,2,6.0,94.52,1.0,35.014,29.793,29.713,285.0,306.0,298.0,313.0,1,6.0,True,False,4.0
16,10,2,7.0,94.275,1.0,34.728,29.769,29.778,286.0,306.0,297.0,311.0,1,7.0,True,True,4.0
16,10,2,8.0,94.085,1.0,34.703,29.576999999999998,29.805,287.0,307.0,297.0,311.0,1,8.0,True,True,4.0
16,10,2,9.0,94.099,1.0,34.673,29.631,29.795,291.0,311.0,297.0,318.0,1,9.0,True,False,4.0
16,10,2,10.0,94.419,1.0,34.889,29.651,29.879,288.0,309.0,296.0,313.0,1,10.0,True,False,4.0
16,10,2,11.0,94.293,1.0,34.712,29.738,29.843,289.0,311.0,297.0,316.0,1,11.0,True,False,4.0
16,10,2,12.0,94.425,1.0,34.567,29.947,29.911,289.0,307.0,296.0,313.0,1,12.0,True,False,4.0
16,10,2,13.0,94.217,1.0,34.595,29.753,29.869,289.0,310.0,296.0,317.0,1,13.0,True,False,4.0
16,10,2,14.0,94.641,1.0,34.813,29.841,29.987,288.0,308.0,296.0,313.0,1,14.0,True,False,4.0
16,10,2,15.0,94.276,1.0,34.692,29.769,29.815,289.0,309.0,296.0,314.0,1,15.0,True,False,4.0
16,10,2,16.0,94.293,1.0,34.705,29.736,29.852,289.0,310.0,297.0,314.0,1,16.0,True,False,4.0
16,10,2,17.0,94.476,1.0,34.725,29.861,29.89,289.0,309.0,297.0,314.0,1,17.0,True,False,4.0
16,10,2,18.0,94.439,1.0,34.74,29.748,29.951,287.0,308.0,297.0,314.0,1,18.0,True,False,4.0
16,10,2,19.0,94.397,1.0,34.774,29.663,29.96,288.0,311.0,298.0,318.0,1,19.0,True,False,4.0
16,10,2,20.0,94.42,1.0,34.713,29.895,29.812,289.0,308.0,296.0,314.0,1,20.0,True,False,2.0
16,10,2,21.0,93.967,1.0,34.454,29.691,29.822,289.0,306.0,296.0,312.0,1,21.0,True,True,2.0
16,10,2,22.0,93.636,1.0,34.349,29.453,29.834,289.0,306.0,296.0,312.0,1,22.0,True,True,1.0
16,10,2,23.0,93.875,1.0,34.476,29.513,29.886,288.0,305.0,296.0,310.0,1,23.0,True,False,1.0
16,10,2,24.0,93.608,1.0,34.342,29.5,29.766,289.0,307.0,297.0,314.0,1,24.0,True,True,1.0
16,10,2,25.0,93.513,1.0,34.234,29.49,29.789,289.0,305.0,296.0,311.0,1,25.0,True,True,1.0
16,10,2,26.0,93.393,1.0,34.227,29.388,29.778,290.0,308.0,297.0,314.0,1,26.0,True,True,1.0
16,10,2,27.0,93.485,1.0,34.105,29.462,29.918,289.0,305.0,297.0,310.0,1,27.0,True,False,1.0
16,10,2,28.0,93.368,1.0,34.19,29.375,29.803,289.0,308.0,297.0,314.0,1,28.0,True,True,1.0
16,10,2,29.0,96.062,1.0,34.438,29.368,32.256,289.0,308.0,299.0,313.0,1,29.0,True,False,1.0
16,10,2,30.0,110.494,2.0,51.763,29.368,29.363,289.0,303.0,299.0,309.0,0,1.0,True,False,5.0
16,10,2,31.0,92.441,2.0,33.983,29.146,29.312,290.0,304.0,299.0,308.0,0,2.0,True,True,5.0
16,10,2,32.0,92.431,2.0,33.971,29.116,29.344,291.0,312.0,300.0,315.0,0,3.0,True,True,5.0
16,10,2,33.0,92.486,2.0,33.937,29.172,29.377,292.0,310.0,301.0,314.0,0,4.0,True,False,5.0
16,10,2,34.0,92.693,2.0,34.039,29.147,29.507,289.0,311.0,301.0,313.0,0,5.0,True,False,5.0
16,10,2,35.0,92.39,2.0,34.03,29.051,29.309,293.0,313.0,301.0,318.0,0,6.0,True,True,4.0
16,10,2,36.0,92.738,2.0,34.189,29.044,29.505,292.0,310.0,302.0,314.0,0,7.0,True,False,4.0
16,10,2,37.0,92.273,2.0,34.166,28.994,29.113,291.0,324.0,314.0,329.0,0,8.0,True,True,4.0
16,10,2,38.0,92.957,2.0,34.408,29.178,29.371,292.0,307.0,300.0,310.0,0,9.0,True,False,3.0
16,10,2,39.0,92.324,2.0,33.882,29.159,29.283,289.0,306.0,300.0,310.0,0,10.0,True,False,3.0
16,10,2,40.0,92.349,2.0,33.838,29.071,29.44,293.0,308.0,299.0,311.0,0,11.0,True,False,3.0
16,10,2,41.0,92.254,2.0,33.787,29.145,29.322,289.0,308.0,300.0,312.0,0,12.0,True,True,3.0
16,10,2,42.0,92.258,2.0,33.76,29.122,29.376,289.0,308.0,300.0,312.0,0,13.0,True,False,3.0
16,10,2,43.0,92.258,2.0,33.716,29.096,29.446,292.0,309.0,301.0,313.0,0,14.0,True,False,3.0
16,10,2,44.0,92.473,2.0,33.849,29.137,29.487,293.0,309.0,301.0,313.0,0,15.0,True,False,3.0
16,10,2,45.0,93.088,2.0,33.948,29.226,29.914,294.0,319.0,299.0,313.0,0,16.0,True,False,3.0
16,10,2,46.0,92.425,2.0,33.905,29.143,29.377,293.0,308.0,300.0,314.0,0,17.0,True,False,3.0
16,10,2,47.0,92.232,2.0,33.636,29.18,29.416,289.0,308.0,301.0,313.0,0,18.0,True,True,3.0
16,10,2,48.0,92.607,2.0,33.917,29.253,29.437,292.0,321.0,301.0,312.0,0,19.0,True,False,3.0
16,10,2,49.0,92.192,2.0,33.663,29.214,29.315,293.0,310.0,301.0,317.0,0,20.0,True,True,3.0
16,10,2,50.0,92.578,2.0,33.725,29.311,29.542,295.0,311.0,296.0,318.0,0,21.0,True,False,3.0
4,11,5,1.0,136.024,1.0,34.9285,30.989,64.401,286.0,164.0,268.0,106.0,0,1.0,True,False,9.0
4,11,5,4.0,97.073,1.0,36.959,30.137,29.977,289.0,307.0,295.0,309.0,0,4.0,True,True,8.0
4,11,5,5.0,95.525,1.0,35.897,30.011,29.617,287.0,316.0,309.0,325.0,0,5.0,True,True,8.0
4,11,5,6.0,95.042,1.0,35.653,29.72,29.669,290.0,318.0,310.0,328.0,0,6.0,True,True,8.0
4,11,5,7.0,94.381,1.0,34.953,29.708,29.72,289.0,305.0,297.0,311.0,0,7.0,True,True,7.0
4,11,5,8.0,94.461,1.0,35.014,29.731,29.716,286.0,304.0,296.0,308.0,0,8.0,True,False,7.0
4,11,5,9.0,94.347,1.0,34.861,29.644,29.842,287.0,303.0,297.0,309.0,0,9.0,True,True,7.0
4,11,5,10.0,94.331,1.0,34.81,29.707,29.814,289.0,305.0,297.0,311.0,0,10.0,True,True,7.0
4,11,5,11.0,94.088,1.0,34.799,29.494,29.795,291.0,306.0,306.0,313.0,0,11.0,True,True,7.0
4,11,5,12.0,94.311,1.0,34.882,29.515,29.914,290.0,319.0,297.0,319.0,0,12.0,True,False,6.0
4,11,5,13.0,95.754,1.0,35.878,29.55,30.326,289.0,315.0,298.0,329.0,0,13.0,True,False,6.0
4,11,5,14.0,95.09,1.0,35.782,29.647,29.661,287.0,317.0,310.0,327.0,0,14.0,True,False,7.0
4,11,5,15.0,94.188,1.0,34.591,29.752,29.845,285.0,304.0,296.0,306.0,0,15.0,True,False,6.0
4,11,5,16.0,94.17,1.0,34.621,29.739,29.81,287.0,302.0,296.0,306.0,0,16.0,True,False,6.0
4,11,5,17.0,93.919,1.0,34.543,29.553,29.823,289.0,303.0,297.0,309.0,0,17.0,True,True,6.0
4,11,5,18.0,94.017,1.0,34.84,29.461,29.716,289.0,316.0,309.0,332.0,0,18.0,True,False,6.0
4,11,5,19.0,93.869,1.0,34.299,29.672,29.898,287.0,302.0,297.0,307.0,0,19.0,True,True,5.0
4,11,5,20.0,93.675,1.0,34.388,29.59,29.697,285.0,301.0,297.0,307.0,0,20.0,True,True,4.0
4,11,5,21.0,93.874,1.0,34.466,29.549,29.859,289.0,300.0,296.0,307.0,0,21.0,True,False,3.0
4,11,5,22.0,93.632,1.0,34.335,29.541,29.756,289.0,300.0,297.0,307.0,0,22.0,True,True,2.0
4,11,5,23.0,93.598,1.0,34.367,29.447,29.784,290.0,301.0,297.0,308.0,0,23.0,True,True,2.0
4,11,5,24.0,93.301,1.0,34.376,29.298,29.627,289.0,302.0,298.0,310.0,0,24.0,True,True,2.0
4,11,5,25.0,93.637,1.0,34.49,29.394,29.753,289.0,302.0,297.0,312.0,0,25.0,True,False,2.0
4,11,5,26.0,93.443,1.0,34.334,29.418,29.691,289.0,301.0,297.0,310.0,0,26.0,True,False,2.0
4,11,5,27.0,93.342,1.0,34.316,29.242,29.784,291.0,303.0,298.0,310.0,0,27.0,True,False,2.0
4,11,5,28.0,93.335,1.0,34.21,29.355,29.77,290.0,302.0,298.0,309.0,0,28.0,True,False,2.0
4,11,5,29.0,93.259,1.0,34.235,29.284,29.74,289.0,303.0,296.0,310.0,0,29.0,True,True,2.0
4,11,5,30.0,93.156,1.0,34.112,29.304,29.74,288.0,301.0,297.0,308.0,0,30.0,True,True,1.0
4,11,5,31.0,92.952,1.0,33.917,29.32,29.715,289.0,298.0,297.0,305.0,0,31.0,True,True,1.0
4,11,5,32.0,93.017,1.0,34.065,29.229,29.723,290.0,299.0,297.0,306.0,0,32.0,True,False,1.0
4,11,5,33.0,93.095,1.0,33.944,29.411,29.74,288.0,301.0,298.0,305.0,0,33.0,True,False,1.0
4,11,5,34.0,96.105,1.0,34.225,29.429,32.451,290.0,302.0,299.0,306.0,0,34.0,True,False,2.0
4,11,5,35.0,109.867,2.0,50.942,29.517,29.408,290.0,300.0,298.0,301.0,1,1.0,True,False,5.0
4,11,5,36.0,92.432,2.0,34.131,28.97,29.331,291.0,300.0,299.0,304.0,1,2.0,True,True,5.0
4,11,5,37.0,92.13,2.0,33.931,28.947,29.252,293.0,303.0,300.0,305.0,1,3.0,True,True,5.0
4,11,5,38.0,92.143,2.0,33.934,28.961,29.248,292.0,304.0,300.0,307.0,1,4.0,True,False,5.0
4,11,5,39.0,92.192,2.0,33.979,29.011,29.202,293.0,305.0,303.0,307.0,1,5.0,True,False,5.0
4,11,5,40.0,92.432,2.0,33.904,29.171,29.357,294.0,312.0,311.0,326.0,1,6.0,True,False,5.0
4,11,5,41.0,91.778,2.0,33.499,28.943,29.336,291.0,305.0,300.0,305.0,1,7.0,True,True,4.0
4,11,5,42.0,91.992,2.0,33.557,29.173,29.262,288.0,301.0,300.0,305.0,1,8.0,True,False,4.0
4,11,5,43.0,91.857,2.0,33.567,28.923000000000002,29.367,293.0,305.0,299.0,308.0,1,9.0,True,False,4.0
4,11,5,44.0,92.057,2.0,33.718,29.059,29.28,292.0,305.0,300.0,308.0,1,10.0,True,False,4.0
4,11,5,45.0,92.113,2.0,33.695,29.011,29.407,294.0,306.0,302.0,316.0,1,11.0,True,False,4.0
4,11,5,46.0,92.379,2.0,33.909,29.11,29.36,295.0,307.0,301.0,313.0,1,12.0,True,False,4.0
4,11,5,47.0,92.241,2.0,33.817,29.104,29.32,293.0,308.0,300.0,316.0,1,13.0,True,False,4.0
4,11,5,48.0,92.131,2.0,33.687,29.176,29.268,295.0,310.0,301.0,312.0,1,14.0,True,False,4.0
4,11,5,49.0,92.178,2.0,33.793,29.016,29.369,294.0,306.0,302.0,312.0,1,15.0,True,False,4.0
4,11,5,50.0,92.35,2.0,33.815,29.178,29.357,295.0,306.0,303.0,317.0,1,16.0,True,False,4.0
63,14,6,1.0,127.151,1.0,34.9285,29.796,60.073,285.0,309.0,174.0,128.0,1,1.0,True,False,4.0
63,14,6,4.0,95.17,1.0,35.754,29.477,29.939,286.0,306.0,295.0,317.0,1,4.0,True,True,3.0
63,14,6,5.0,93.996,1.0,34.781,29.406,29.809,289.0,305.0,298.0,316.0,1,5.0,True,True,3.0
63,14,6,6.0,94.073,1.0,34.73,29.526,29.817,289.0,308.0,296.0,314.0,1,6.0,True,False,3.0
63,14,6,7.0,94.038,1.0,34.794,29.572,29.672,289.0,307.0,296.0,314.0,1,7.0,True,False,3.0
63,14,6,8.0,93.857,1.0,34.672,29.477,29.708,290.0,309.0,296.0,316.0,1,8.0,True,True,3.0
63,14,6,9.0,93.907,1.0,34.741,29.41,29.756,289.0,307.0,297.0,315.0,1,9.0,True,False,3.0
63,14,6,10.0,94.126,1.0,34.711,29.5,29.915,289.0,310.0,295.0,314.0,1,10.0,True,False,3.0
63,14,6,11.0,94.269,1.0,34.91,29.56,29.799,290.0,306.0,296.0,313.0,1,11.0,True,False,3.0
63,14,6,12.0,94.274,1.0,34.825,29.591,29.858,289.0,307.0,296.0,316.0,1,12.0,True,False,3.0
63,14,6,13.0,94.353,1.0,34.862,29.505,29.986,289.0,309.0,295.0,317.0,1,13.0,True,False,3.0
63,14,6,14.0,94.363,1.0,34.878,29.579,29.906,289.0,310.0,295.0,314.0,1,14.0,True,False,3.0
63,14,6,15.0,94.352,1.0,34.912,29.524,29.916,289.0,308.0,295.0,315.0,1,15.0,True,False,3.0
63,14,6,16.0,94.388,1.0,34.912,29.531,29.945,289.0,309.0,296.0,315.0,1,16.0,True,False,3.0
63,14,6,17.0,94.58,1.0,34.943,29.612,30.025,289.0,308.0,296.0,314.0,1,17.0,True,False,3.0
63,14,6,18.0,94.49,1.0,34.998,29.554,29.938,290.0,307.0,296.0,315.0,1,18.0,True,False,3.0
63,14,6,19.0,94.856,1.0,35.054,29.673000000000002,30.129,289.0,306.0,295.0,312.0,1,19.0,True,False,3.0
63,14,6,20.0,96.707,1.0,34.929,29.482,32.296,289.0,306.0,299.0,317.0,1,20.0,True,False,3.0
63,14,6,21.0,110.416,2.0,51.335,29.37,29.711,289.0,316.0,305.0,333.0,0,1.0,True,False,6.0
63,14,6,22.0,93.62,2.0,34.709,29.2,29.711,291.0,309.0,298.0,317.0,0,2.0,True,True,6.0
63,14,6,23.0,93.672,2.0,34.688,29.224,29.76,289.0,309.0,298.0,318.0,0,3.0,True,False,5.0
63,14,6,24.0,93.853,2.0,34.819,29.273,29.761,289.0,308.0,298.0,314.0,0,4.0,True,False,5.0
63,14,6,25.0,93.65,2.0,34.711,29.306,29.633,289.0,306.0,298.0,312.0,0,5.0,True,False,5.0
63,14,6,26.0,93.201,2.0,34.61,29.083,29.508,292.0,307.0,297.0,313.0,0,6.0,True,True,5.0
63,14,6,27.0,93.269,2.0,34.502,29.11,29.657,289.0,306.0,298.0,315.0,0,7.0,True,False,5.0
63,14,6,28.0,93.299,2.0,34.512,29.135,29.652,291.0,311.0,298.0,320.0,0,8.0,True,False,5.0
63,14,6,29.0,93.375,2.0,34.532,29.11,29.733,292.0,308.0,298.0,316.0,0,9.0,True,False,5.0
63,14,6,30.0,93.306,2.0,34.464,29.191,29.651,291.0,309.0,298.0,315.0,0,10.0,True,False,4.0
63,14,6,31.0,93.075,2.0,34.395,29.035,29.645,293.0,306.0,298.0,314.0,0,11.0,True,True,4.0
63,14,6,32.0,92.893,2.0,34.277,29.091,29.525,292.0,308.0,298.0,313.0,0,12.0,True,True,4.0
63,14,6,33.0,92.944,2.0,34.148,29.167,29.629,291.0,309.0,299.0,314.0,0,13.0,True,False,4.0
63,14,6,34.0,92.908,2.0,34.28,29.026,29.602,292.0,310.0,299.0,314.0,0,14.0,True,False,4.0
63,14,6,35.0,92.966,2.0,34.252,29.099,29.615,291.0,308.0,298.0,313.0,0,15.0,True,False,3.0
63,14,6,36.0,92.918,2.0,34.205,29.038,29.675,292.0,312.0,298.0,315.0,0,16.0,True,False,3.0
63,14,6,37.0,93.069,2.0,34.335,29.121,29.613,289.0,310.0,300.0,316.0,0,17.0,True,False,3.0
63,14,6,38.0,95.244,2.0,35.952,29.415,29.877,287.0,310.0,299.0,314.0,0,18.0,True,False,4.0
63,14,6,39.0,93.317,2.0,34.503,29.149,29.665,291.0,312.0,300.0,315.0,0,19.0,True,False,4.0
63,14,6,40.0,93.698,2.0,34.449,29.475,29.774,292.0,306.0,299.0,317.0,0,20.0,True,False,4.0
63,14,6,41.0,94.701,2.0,35.427,29.424,29.85,291.0,312.0,299.0,316.0,0,21.0,True,False,5.0
63,14,6,42.0,94.15,2.0,34.845,29.434,29.871,290.0,309.0,299.0,314.0,0,22.0,True,False,5.0
63,14,6,43.0,93.497,2.0,34.533,29.219,29.745,292.0,309.0,299.0,313.0,0,23.0,True,False,5.0
63,14,6,44.0,93.645,2.0,34.609,29.289,29.747,291.0,308.0,298.0,312.0,0,24.0,True,False,5.0
63,14,6,45.0,93.707,2.0,34.52,29.359,29.828,292.0,307.0,299.0,313.0,0,25.0,True,False,5.0
63,14,6,46.0,93.905,2.0,34.678,29.326,29.901,289.0,309.0,299.0,314.0,0,26.0,True,False,5.0
63,14,6,47.0,93.951,2.0,34.588,29.55,29.813,291.0,309.0,299.0,315.0,0,27.0,True,False,5.0
63,14,6,48.0,93.961,2.0,34.793,29.442,29.726,289.0,309.0,299.0,313.0,0,28.0,True,False,5.0
63,14,6,49.0,93.726,2.0,34.626,29.423,29.677,289.0,311.0,299.0,316.0,0,29.0,True,False,5.0
63,14,6,50.0,93.89,2.0,34.677,29.428,29.785,290.0,315.0,301.0,315.0,0,30.0,True,False,5.0
12,2,6,1.0,129.232,1.0,34.9285,29.935,60.808,286.0,270.0,205.0,109.0,1,1.0,True,False,6.0
12,2,6,4.0,96.284,1.0,36.531,29.718,30.035,287.0,307.0,293.0,318.0,1,4.0,True,True,5.0
12,2,6,5.0,94.482,1.0,35.367,29.4,29.715,289.0,317.0,304.0,330.0,1,5.0,True,True,5.0
12,2,6,6.0,94.386,1.0,35.128,29.477,29.781,289.0,320.0,304.0,326.0,1,6.0,True,True,5.0
12,2,6,7.0,94.402,1.0,35.159,29.555,29.688,288.0,319.0,304.0,327.0,1,7.0,True,False,5.0
12,2,6,8.0,94.598,1.0,35.086,29.619,29.893,289.0,308.0,295.0,315.0,1,8.0,True,False,5.0
12,2,6,9.0,94.567,1.0,35.0,29.644,29.923000000000002,289.0,307.0,295.0,314.0,1,9.0,True,False,5.0
12,2,6,10.0,94.534,1.0,34.954,29.605,29.975,289.0,307.0,295.0,314.0,1,10.0,True,False,5.0
12,2,6,11.0,94.593,1.0,34.902,29.751,29.94,289.0,307.0,295.0,314.0,1,11.0,True,False,5.0
12,2,6,12.0,94.433,1.0,34.847,29.683,29.903,287.0,308.0,295.0,313.0,1,12.0,True,False,5.0
12,2,6,13.0,94.757,1.0,34.929,29.832,29.996,289.0,308.0,295.0,314.0,1,13.0,True,False,5.0
12,2,6,14.0,94.751,1.0,34.887,29.762,30.102,288.0,308.0,294.0,314.0,1,14.0,True,False,5.0
12,2,6,15.0,94.858,1.0,35.045,29.774,30.039,289.0,306.0,295.0,314.0,1,15.0,True,False,5.0
12,2,6,16.0,94.688,1.0,35.021,29.686,29.981,289.0,306.0,295.0,312.0,1,16.0,True,False,5.0
12,2,6,17.0,94.972,1.0,35.114,29.826999999999998,30.031,289.0,306.0,295.0,313.0,1,17.0,True,False,5.0
12,2,6,18.0,95.151,1.0,35.151,29.853,30.147,287.0,305.0,295.0,312.0,1,18.0,True,False,5.0
12,2,6,19.0,98.932,1.0,36.098,30.027,32.807,289.0,309.0,299.0,314.0,1,19.0,True,False,7.0
12,2,6,20.0,111.876,2.0,52.537,29.628,29.711,287.0,305.0,295.0,310.0,0,1.0,True,False,11.0
12,2,6,21.0,93.583,2.0,34.516,29.372,29.695,288.0,306.0,298.0,314.0,0,2.0,True,True,10.0
12,2,6,22.0,93.738,2.0,34.589,29.344,29.805,290.0,309.0,297.0,314.0,0,3.0,True,False,9.0
12,2,6,23.0,93.769,2.0,34.654,29.442,29.673000000000002,291.0,306.0,297.0,313.0,0,4.0,True,False,8.0
12,2,6,24.0,93.728,2.0,34.625,29.436,29.667,289.0,306.0,297.0,313.0,0,5.0,True,False,7.0
12,2,6,25.0,93.78,2.0,34.762,29.391,29.627,291.0,309.0,297.0,313.0,0,6.0,True,False,7.0
12,2,6,26.0,94.021,2.0,34.971,29.38,29.67,290.0,308.0,298.0,313.0,0,7.0,True,False,7.0
12,2,6,27.0,93.792,2.0,34.767,29.44,29.585,289.0,309.0,298.0,314.0,0,8.0,True,False,7.0
12,2,6,28.0,93.833,2.0,34.865,29.378,29.59,291.0,308.0,306.0,316.0,0,9.0,True,False,7.0
12,2,6,29.0,93.775,2.0,34.995,29.337,29.443,290.0,320.0,309.0,330.0,0,10.0,True,False,7.0
12,2,6,30.0,94.35,2.0,35.054,29.585,29.711,289.0,304.0,297.0,309.0,0,11.0,True,False,6.0
12,2,6,31.0,93.996,2.0,34.795,29.521,29.68,290.0,306.0,296.0,310.0,0,12.0,True,False,6.0
12,2,6,32.0,93.884,2.0,34.796,29.349,29.739,289.0,306.0,296.0,312.0,0,13.0,True,False,6.0
12,2,6,33.0,93.709,2.0,34.614,29.409,29.686,289.0,306.0,297.0,311.0,0,14.0,True,False,6.0
12,2,6,34.0,93.797,2.0,34.603,29.438,29.756,290.0,303.0,296.0,308.0,0,15.0,True,False,6.0
12,2,6,35.0,93.812,2.0,34.726,29.399,29.687,289.0,305.0,297.0,310.0,0,16.0,True,False,6.0
12,2,6,36.0,93.58,2.0,34.559,29.355,29.666,289.0,307.0,296.0,312.0,0,17.0,True,True,6.0
12,2,6,37.0,93.664,2.0,34.584,29.424,29.656,289.0,306.0,297.0,312.0,0,18.0,True,False,6.0
12,2,6,38.0,93.672,2.0,34.626,29.386,29.66,289.0,305.0,296.0,310.0,0,19.0,True,False,6.0
12,2,6,39.0,93.44,2.0,34.503,29.311,29.626,290.0,304.0,296.0,311.0,0,20.0,True,True,6.0
12,2,6,40.0,93.485,2.0,34.561,29.286,29.638,289.0,304.0,297.0,311.0,0,21.0,True,False,6.0
12,2,6,41.0,93.315,2.0,34.395,29.256,29.664,290.0,304.0,297.0,310.0,0,22.0,True,True,6.0
12,2,6,42.0,93.316,2.0,34.455,29.297,29.564,289.0,305.0,296.0,310.0,0,23.0,True,False,6.0
12,2,6,43.0,93.415,2.0,34.428,29.252,29.735,290.0,304.0,297.0,309.0,0,24.0,True,False,6.0
12,2,6,44.0,92.875,2.0,34.161,29.094,29.62,292.0,305.0,297.0,311.0,0,25.0,True,True,6.0
12,2,6,45.0,92.944,2.0,34.155,29.151,29.638,291.0,303.0,296.0,309.0,0,26.0,True,False,6.0
12,2,6,46.0,92.809,2.0,34.193,29.107,29.509,289.0,304.0,297.0,312.0,0,27.0,True,True,6.0
12,2,6,47.0,92.747,2.0,34.099,29.066,29.582,289.0,305.0,298.0,312.0,0,28.0,True,True,6.0
12,2,6,48.0,92.758,2.0,34.278,28.992,29.488,289.0,304.0,297.0,312.0,0,29.0,True,False,6.0
12,2,6,49.0,92.504,2.0,34.038,29.054,29.412,289.0,309.0,297.0,316.0,0,30.0,True,True,6.0
12,2,6,50.0,92.396,2.0,33.87,29.073,29.453,292.0,305.0,299.0,312.0,0,31.0,True,True,6.0
44,7,2,1.0,132.474,1.0,34.9285,30.282,63.308,284.0,219.0,210.0,125.0,1,1.0,True,False,7.0
44,7,2,4.0,96.425,1.0,36.411,29.833,30.181,286.0,307.0,296.0,311.0,1,4.0,True,True,6.0
44,7,2,5.0,95.099,1.0,35.575,29.694,29.83,284.0,309.0,298.0,313.0,1,5.0,True,True,6.0
44,7,2,6.0,94.459,1.0,34.999,29.648,29.812,289.0,313.0,299.0,319.0,1,6.0,True,True,6.0
44,7,2,7.0,94.994,1.0,35.134,29.714,30.146,288.0,310.0,297.0,315.0,1,7.0,True,False,6.0
44,7,2,8.0,94.444,1.0,34.878,29.545,30.021,289.0,311.0,296.0,317.0,1,8.0,True,True,6.0
44,7,2,9.0,94.46,1.0,34.882,29.656,29.922,288.0,308.0,296.0,314.0,1,9.0,True,False,6.0
44,7,2,10.0,94.58,1.0,34.893,29.645,30.042,289.0,310.0,297.0,316.0,1,10.0,True,False,6.0
44,7,2,11.0,94.456,1.0,34.828,29.649,29.979,290.0,311.0,296.0,316.0,1,11.0,True,False,6.0
44,7,2,12.0,95.31,1.0,34.871,29.816,30.623,289.0,310.0,310.0,315.0,1,12.0,True,False,7.0
44,7,2,13.0,95.679,1.0,35.138,29.701,30.84,289.0,309.0,311.0,316.0,1,13.0,True,False,7.0
44,7,2,14.0,94.818,1.0,35.001,29.753,30.064,288.0,308.0,296.0,313.0,1,14.0,True,False,6.0
44,7,2,15.0,95.832,1.0,35.949,29.81,30.073,285.0,311.0,297.0,316.0,1,15.0,True,False,7.0
44,7,2,16.0,94.955,1.0,35.082,29.874,29.999,287.0,309.0,297.0,314.0,1,16.0,True,False,7.0
44,7,2,17.0,94.686,1.0,34.889,29.793,30.004,289.0,308.0,297.0,312.0,1,17.0,True,False,7.0
44,7,2,18.0,94.592,1.0,34.861,29.747,29.984,289.0,310.0,298.0,315.0,1,18.0,True,False,7.0
44,7,2,19.0,94.892,1.0,35.049,29.777,30.066,289.0,309.0,297.0,314.0,1,19.0,True,False,6.0
44,7,2,20.0,94.72,1.0,34.934,29.761,30.025,289.0,308.0,296.0,313.0,1,20.0,True,False,5.0
44,7,2,21.0,95.128,1.0,34.771,29.758,30.599,288.0,306.0,308.0,328.0,1,21.0,True,False,5.0
44,7,2,22.0,95.569,1.0,35.582,29.883,30.104,287.0,308.0,298.0,312.0,1,22.0,True,False,4.0
44,7,2,23.0,97.866,1.0,35.125,29.895,32.846,289.0,308.0,299.0,313.0,1,23.0,True,False,6.0
44,7,2,24.0,111.801,2.0,52.086,29.895,29.82,285.0,300.0,297.0,306.0,0,1.0,True,False,8.0
44,7,2,25.0,94.037,2.0,34.732,29.586,29.719,288.0,304.0,297.0,309.0,0,2.0,True,True,8.0
44,7,2,26.0,93.542,2.0,34.573,29.278,29.691,290.0,307.0,297.0,313.0,0,3.0,True,True,8.0
44,7,2,27.0,93.72,2.0,34.612,29.436,29.672,289.0,306.0,297.0,311.0,0,4.0,True,False,8.0
44,7,2,28.0,93.365,2.0,34.44,29.296,29.629,290.0,309.0,298.0,314.0,0,5.0,True,True,8.0
44,7,2,29.0,93.81,2.0,34.622,29.544,29.644,289.0,307.0,298.0,312.0,0,6.0,True,False,8.0
44,7,2,30.0,93.564,2.0,34.559,29.391,29.614,290.0,310.0,299.0,315.0,0,7.0,True,False,8.0
44,7,2,31.0,94.392,2.0,34.502,29.344,30.546,289.0,307.0,297.0,309.0,0,8.0,True,False,8.0
44,7,2,32.0,93.595,2.0,34.572,29.418,29.605,291.0,311.0,299.0,315.0,0,9.0,True,False,8.0
44,7,2,33.0,93.603,2.0,34.504,29.477,29.622,289.0,307.0,299.0,309.0,0,10.0,True,False,8.0
44,7,2,34.0,93.876,2.0,34.659,29.497,29.72,290.0,309.0,298.0,311.0,0,11.0,True,False,7.0
44,7,2,35.0,93.564,2.0,34.216,29.37,29.978,291.0,308.0,298.0,310.0,0,12.0,True,False,7.0
44,7,2,36.0,93.291,2.0,34.317,29.3,29.674,290.0,308.0,299.0,311.0,0,13.0,True,True,7.0
44,7,2,37.0,93.044,2.0,34.187,29.256,29.601,289.0,308.0,299.0,311.0,0,14.0,True,True,7.0
44,7,2,38.0,92.925,2.0,34.096,29.192,29.637,291.0,309.0,299.0,312.0,0,15.0,True,True,7.0
44,7,2,39.0,93.285,2.0,34.267,29.328,29.69,290.0,307.0,299.0,309.0,0,16.0,True,False,7.0
44,7,2,40.0,92.833,2.0,34.167,29.166,29.5,291.0,309.0,299.0,313.0,0,17.0,True,True,7.0
44,7,2,41.0,93.022,2.0,34.339,29.177,29.506,289.0,309.0,299.0,312.0,0,18.0,True,False,7.0
44,7,2,42.0,92.64,2.0,34.0,29.135,29.505,292.0,309.0,299.0,313.0,0,19.0,True,True,7.0
44,7,2,43.0,92.6,2.0,34.001,29.095,29.504,293.0,310.0,300.0,313.0,0,20.0,True,True,7.0
44,7,2,44.0,92.789,2.0,34.068,29.171,29.55,292.0,309.0,300.0,311.0,0,21.0,True,False,7.0
44,7,2,45.0,92.821,2.0,34.113,29.031,29.677,291.0,311.0,299.0,315.0,0,22.0,True,False,7.0
44,7,2,46.0,93.107,2.0,34.203,29.279,29.625,286.0,309.0,301.0,313.0,0,23.0,True,False,7.0
44,7,2,47.0,93.06,2.0,34.206,29.201,29.653,293.0,311.0,301.0,315.0,0,24.0,True,False,7.0
44,7,2,48.0,92.898,2.0,34.146,29.123,29.629,292.0,314.0,300.0,320.0,0,25.0,True,False,7.0
44,7,2,49.0,93.012,2.0,34.192,29.235,29.585,293.0,314.0,300.0,319.0,0,26.0,True,False,7.0
44,7,2,50.0,93.435,2.0,34.358,29.338,29.739,292.0,313.0,283.0,317.0,0,27.0,True,False,7.0
55,15,9,1.0,133.455,1.0,34.9285,30.492,63.293,286.0,203.0,237.0,119.0,1,1.0,True,False,8.0
55,15,9,4.0,96.814,1.0,36.831,29.882,30.101,289.0,311.0,297.0,321.0,1,4.0,True,True,7.0
55,15,9,5.0,95.717,1.0,35.964,29.945,29.808,283.0,308.0,299.0,317.0,1,5.0,True,True,7.0
55,15,9,6.0,95.115,1.0,35.444,29.802,29.869,288.0,310.0,298.0,318.0,1,6.0,True,True,7.0
55,15,9,7.0,95.406,1.0,36.229,29.438,29.739,291.0,321.0,306.0,334.0,1,7.0,True,False,8.0
55,15,9,8.0,95.139,1.0,35.662,29.774,29.703,281.0,310.0,298.0,316.0,1,8.0,True,False,8.0
55,15,9,9.0,94.69,1.0,35.196,29.65,29.844,288.0,309.0,298.0,319.0,1,9.0,True,True,8.0
55,15,9,10.0,94.869,1.0,35.261,29.73,29.878,290.0,310.0,297.0,321.0,1,10.0,True,False,8.0
55,15,9,11.0,94.771,1.0,35.207,29.723,29.841,289.0,310.0,298.0,317.0,1,11.0,True,False,8.0
55,15,9,12.0,94.964,1.0,35.245,29.802,29.917,289.0,311.0,297.0,321.0,1,12.0,True,False,8.0
55,15,9,13.0,94.99,1.0,35.343,29.83,29.817,289.0,312.0,298.0,320.0,1,13.0,True,False,8.0
55,15,9,14.0,95.004,1.0,35.294,29.811,29.899,290.0,315.0,297.0,322.0,1,14.0,True,False,8.0
55,15,9,15.0,95.326,1.0,35.464,29.845,30.017,289.0,315.0,297.0,321.0,1,15.0,True,False,8.0
55,15,9,16.0,95.226,1.0,35.271,29.926,30.029,289.0,311.0,298.0,319.0,1,16.0,True,False,8.0
55,15,9,17.0,95.609,1.0,35.427,30.044,30.138,287.0,310.0,297.0,316.0,1,17.0,True,False,8.0
55,15,9,18.0,95.192,1.0,35.233,29.902,30.057,290.0,311.0,297.0,318.0,1,18.0,True,False,8.0
55,15,9,19.0,95.33,1.0,35.308,29.953,30.069,289.0,308.0,298.0,318.0,1,19.0,True,False,8.0
55,15,9,20.0,95.533,1.0,35.381,30.015,30.137,289.0,310.0,298.0,319.0,1,20.0,True,False,7.0
55,15,9,21.0,97.788,1.0,35.368,29.806,32.614,290.0,311.0,299.0,320.0,1,21.0,True,False,7.0
55,15,9,22.0,115.824,2.0,56.154,30.081,29.589,286.0,313.0,300.0,339.0,0,1.0,True,False,14.0
55,15,9,23.0,94.455,2.0,35.27,29.322,29.863,289.0,320.0,309.0,333.0,0,2.0,True,True,13.0
55,15,9,24.0,94.641,2.0,35.315,29.61,29.716,286.0,309.0,300.0,317.0,0,3.0,True,False,12.0
55,15,9,25.0,93.923,2.0,34.91,29.231,29.782,291.0,324.0,314.0,330.0,0,4.0,True,True,12.0
55,15,9,26.0,94.632,2.0,35.334,29.674,29.624,285.0,311.0,309.0,320.0,0,5.0,True,False,11.0
55,15,9,27.0,94.953,2.0,35.561,29.614,29.778,292.0,323.0,313.0,335.0,0,6.0,True,False,11.0
55,15,9,28.0,94.658,2.0,35.445,29.598,29.615,285.0,309.0,301.0,317.0,0,7.0,True,False,10.0
55,15,9,29.0,94.179,2.0,34.974,29.515,29.69,286.0,308.0,301.0,318.0,0,8.0,True,False,10.0
55,15,9,30.0,94.313,2.0,35.068,29.391,29.854,293.0,320.0,313.0,317.0,0,9.0,True,False,10.0
55,15,9,31.0,94.338,2.0,35.118,29.59,29.63,284.0,305.0,298.0,313.0,0,10.0,True,False,9.0
55,15,9,32.0,93.728,2.0,34.78,29.407,29.541,291.0,310.0,299.0,316.0,0,11.0,True,True,9.0
55,15,9,33.0,93.613,2.0,34.761,29.432,29.42,289.0,310.0,299.0,316.0,0,12.0,True,True,9.0
55,15,9,34.0,93.969,2.0,34.904,29.379,29.686,290.0,310.0,299.0,316.0,0,13.0,True,False,9.0
55,15,9,35.0,93.908,2.0,34.797,29.513,29.598,289.0,309.0,300.0,316.0,0,14.0,True,False,8.0
55,15,9,36.0,93.96,2.0,34.82,29.352,29.788,291.0,309.0,299.0,317.0,0,15.0,True,False,8.0
55,15,9,37.0,94.269,2.0,34.928,29.537,29.804,290.0,310.0,299.0,317.0,0,16.0,True,False,8.0
55,15,9,38.0,94.131,2.0,34.995,29.378,29.758,291.0,310.0,299.0,316.0,0,17.0,True,False,8.0
55,15,9,39.0,94.793,2.0,35.399,29.83,29.564,289.0,308.0,300.0,316.0,0,18.0,True,False,8.0
55,15,9,40.0,93.864,2.0,34.781,29.485,29.598,290.0,313.0,299.0,316.0,0,19.0,True,False,8.0
55,15,9,41.0,94.018,2.0,34.868,29.543,29.607,291.0,310.0,299.0,317.0,0,20.0,True,False,8.0
55,15,9,42.0,93.905,2.0,34.758,29.497,29.65,289.0,310.0,300.0,316.0,0,21.0,True,False,8.0
55,15,9,43.0,93.933,2.0,34.926,29.367,29.64,289.0,312.0,299.0,316.0,0,22.0,True,False,8.0
55,15,9,44.0,93.668,2.0,34.812,29.222,29.634,292.0,312.0,299.0,315.0,0,23.0,True,False,8.0
55,15,9,45.0,93.804,2.0,34.951,29.247,29.606,291.0,308.0,299.0,315.0,0,24.0,True,False,8.0
55,15,9,46.0,93.536,2.0,34.432,29.551,29.553,292.0,310.0,299.0,319.0,0,25.0,True,True,8.0
55,15,9,47.0,93.64,2.0,34.496,29.541,29.603,289.0,308.0,301.0,319.0,0,26.0,True,False,8.0
55,15,9,48.0,93.591,2.0,34.541,29.467,29.583,291.0,299.0,300.0,317.0,0,27.0,True,False,8.0
55,15,9,49.0,93.802,2.0,34.599,29.639,29.564,292.0,312.0,300.0,318.0,0,28.0,True,False,8.0
55,15,9,50.0,92.466,2.0,34.096,28.972,29.398,293.0,312.0,302.0,317.0,0,29.0,True,True,8.0
23,0,9,1.0,137.291,1.0,34.9285,31.58,64.696,288.0,159.0,255.0,115.0,1,1.0,True,False,10.0
23,0,9,4.0,97.386,1.0,36.965,30.153,30.268,287.0,302.0,298.0,314.0,1,4.0,True,True,9.0
23,0,9,5.0,95.606,1.0,36.057,29.838,29.711,283.0,313.0,309.0,328.0,1,5.0,True,True,9.0
23,0,9,6.0,95.148,1.0,35.834,29.637,29.677,290.0,321.0,308.0,330.0,1,6.0,True,True,9.0
23,0,9,7.0,95.373,1.0,35.779,29.798000000000002,29.796,291.0,318.0,302.0,323.0,1,7.0,True,False,9.0
23,0,9,8.0,95.217,1.0,35.612,29.846,29.759,287.0,312.0,299.0,318.0,1,8.0,True,False,9.0
23,0,9,9.0,94.921,1.0,35.297,29.763,29.861,290.0,308.0,299.0,320.0,1,9.0,True,True,9.0
23,0,9,10.0,94.892,1.0,35.289,29.728,29.875,289.0,314.0,299.0,318.0,1,10.0,True,True,9.0
23,0,9,11.0,95.004,1.0,35.478,29.691,29.835,289.0,311.0,299.0,320.0,1,11.0,True,False,9.0
23,0,9,12.0,94.904,1.0,35.375,29.693,29.836,287.0,311.0,299.0,320.0,1,12.0,True,False,9.0
23,0,9,13.0,94.917,1.0,35.312,29.769,29.836,291.0,314.0,299.0,320.0,1,13.0,True,False,9.0
23,0,9,14.0,95.407,1.0,35.459,29.951999999999998,29.996,289.0,313.0,298.0,319.0,1,14.0,True,False,9.0
23,0,9,15.0,95.241,1.0,35.423,29.958,29.86,289.0,313.0,299.0,319.0,1,15.0,True,False,9.0
23,0,9,16.0,95.042,1.0,35.384,29.822,29.836,291.0,316.0,300.0,321.0,1,16.0,True,False,9.0
23,0,9,17.0,95.295,1.0,35.441,29.824,30.03,289.0,314.0,301.0,320.0,1,17.0,True,False,9.0
23,0,9,18.0,95.444,1.0,35.556,29.932,29.956,290.0,312.0,300.0,321.0,1,18.0,True,False,9.0
23,0,9,19.0,95.896,1.0,35.966,29.856,30.074,291.0,314.0,300.0,321.0,1,19.0,True,False,9.0
23,0,9,20.0,95.854,1.0,35.678,30.038,30.138,290.0,313.0,299.0,318.0,1,20.0,True,False,8.0
23,0,9,21.0,96.443,1.0,36.132,30.131,30.18,289.0,314.0,301.0,319.0,1,21.0,True,False,8.0
23,0,9,22.0,98.088,1.0,35.651,29.95,32.487,291.0,313.0,299.0,318.0,1,22.0,True,False,8.0
23,0,9,23.0,113.604,2.0,54.057,29.828,29.719,288.0,314.0,311.0,318.0,0,1.0,True,False,15.0
23,0,9,24.0,94.686,2.0,35.396,29.791,29.499,289.0,310.0,310.0,321.0,0,2.0,True,True,14.0
23,0,9,25.0,94.623,2.0,35.484,29.643,29.496,287.0,308.0,302.0,333.0,0,3.0,True,True,13.0
23,0,9,26.0,94.46,2.0,35.275,29.551,29.634,291.0,313.0,302.0,321.0,0,4.0,True,True,13.0
23,0,9,27.0,94.067,2.0,35.171,29.368,29.528,292.0,326.0,315.0,317.0,0,5.0,True,True,13.0
23,0,9,28.0,94.532,2.0,35.299,29.466,29.767,291.0,321.0,316.0,321.0,0,6.0,True,False,12.0
23,0,9,29.0,94.231,2.0,35.281,29.436,29.514,293.0,314.0,302.0,321.0,0,7.0,True,False,11.0
23,0,9,30.0,94.185,2.0,35.179,29.513,29.493,292.0,312.0,303.0,320.0,0,8.0,True,False,11.0
23,0,9,31.0,93.923,2.0,34.891,29.474,29.558,293.0,310.0,301.0,329.0,0,9.0,True,True,10.0
23,0,9,32.0,93.781,2.0,34.89,29.33,29.561,289.0,311.0,303.0,319.0,0,10.0,True,True,10.0
23,0,9,33.0,93.93,2.0,35.04,29.337,29.553,288.0,313.0,303.0,317.0,0,11.0,True,False,10.0
23,0,9,34.0,93.79,2.0,34.941,29.301,29.548000000000002,292.0,312.0,303.0,317.0,0,12.0,True,False,10.0
23,0,9,35.0,93.819,2.0,34.874,29.345,29.6,289.0,309.0,303.0,316.0,0,13.0,True,False,9.0
23,0,9,36.0,93.738,2.0,34.862,29.388,29.488,293.0,312.0,302.0,319.0,0,14.0,True,True,9.0
23,0,9,37.0,94.178,2.0,35.082,29.445,29.651,290.0,313.0,302.0,315.0,0,15.0,True,False,9.0
23,0,9,38.0,93.918,2.0,35.021,29.325,29.572,293.0,312.0,302.0,319.0,0,16.0,True,False,9.0
23,0,9,39.0,94.118,2.0,35.29,29.361,29.467,292.0,309.0,311.0,334.0,0,17.0,True,False,9.0
23,0,9,40.0,94.089,2.0,35.083,29.278,29.728,294.0,321.0,310.0,319.0,0,18.0,True,False,9.0
23,0,9,41.0,93.901,2.0,35.017,29.355,29.529,295.0,326.0,310.0,325.0,0,19.0,True,False,9.0
23,0,9,42.0,93.854,2.0,35.016,29.229,29.609,294.0,319.0,311.0,321.0,0,20.0,True,False,9.0
23,0,9,43.0,93.952,2.0,34.981,29.491,29.48,289.0,316.0,311.0,330.0,0,21.0,True,False,9.0
23,0,9,44.0,93.865,2.0,34.937,29.418,29.51,296.0,316.0,310.0,321.0,0,22.0,True,False,9.0
23,0,9,45.0,93.654,2.0,34.809,29.244,29.601,294.0,320.0,310.0,332.0,0,23.0,True,True,9.0
23,0,9,46.0,93.592,2.0,34.798,29.394,29.4,295.0,313.0,310.0,333.0,0,24.0,True,True,9.0
23,0,9,47.0,93.477,2.0,34.812,29.367,29.298,294.0,313.0,311.0,332.0,0,25.0,True,True,9.0
23,0,9,48.0,93.728,2.0,34.919,29.323,29.486,289.0,316.0,310.0,336.0,0,26.0,True,False,9.0
23,0,9,49.0,93.763,2.0,34.848,29.381,29.534,293.0,319.0,310.0,327.0,0,27.0,True,False,9.0
23,0,9,50.0,93.653,2.0,34.711,29.278,29.664,292.0,318.0,302.0,320.0,0,28.0,True,False,9.0
6,6,7,1.0,141.02,1.0,34.9285,36.83,62.511,285.0,83.0,221.0,145.0,0,1.0,True,False,12.0
6,6,7,4.0,97.627,1.0,36.861,30.452,30.314,285.0,309.0,297.0,328.0,0,4.0,True,True,10.0
6,6,7,5.0,95.624,1.0,35.743,29.918,29.963,289.0,317.0,308.0,328.0,0,5.0,True,True,10.0
6,6,7,6.0,95.003,1.0,35.475,29.828,29.7,288.0,324.0,309.0,330.0,0,6.0,True,True,10.0
6,6,7,7.0,95.353,1.0,35.495,29.918,29.94,290.0,322.0,307.0,330.0,0,7.0,True,False,10.0
6,6,7,8.0,95.243,1.0,35.423,29.857,29.963,287.0,321.0,306.0,328.0,0,8.0,True,False,10.0
6,6,7,9.0,94.962,1.0,35.333,29.812,29.817,289.0,319.0,306.0,327.0,0,9.0,True,True,10.0
6,6,7,10.0,95.386,1.0,35.318,29.939,30.129,289.0,307.0,297.0,314.0,0,10.0,True,False,10.0
6,6,7,11.0,95.149,1.0,35.283,29.845,30.021,288.0,308.0,297.0,314.0,0,11.0,True,False,10.0
6,6,7,12.0,95.33,1.0,35.238,29.893,30.199,289.0,307.0,296.0,313.0,0,12.0,True,False,10.0
6,6,7,13.0,95.072,1.0,35.139,29.878,30.055,290.0,309.0,296.0,313.0,0,13.0,True,False,10.0
6,6,7,14.0,95.175,1.0,35.139,29.95,30.086,287.0,308.0,297.0,311.0,0,14.0,True,False,10.0
6,6,7,15.0,95.026,1.0,35.075,29.898,30.053,288.0,308.0,297.0,314.0,0,15.0,True,False,10.0
6,6,7,16.0,95.173,1.0,35.131,30.009,30.033,289.0,310.0,297.0,314.0,0,16.0,True,False,10.0
6,6,7,17.0,95.022,1.0,35.178,29.822,30.022,288.0,310.0,298.0,313.0,0,17.0,True,False,10.0
6,6,7,18.0,95.052,1.0,35.205,29.808,30.039,290.0,309.0,299.0,316.0,0,18.0,True,False,10.0
6,6,7,19.0,95.409,1.0,35.562,30.005,29.842,289.0,324.0,308.0,330.0,0,19.0,True,False,10.0
6,6,7,20.0,95.561,1.0,35.69,29.946,29.925,289.0,323.0,309.0,330.0,0,20.0,True,False,9.0
6,6,7,21.0,96.445,1.0,36.391,29.923000000000002,30.131,288.0,324.0,304.0,339.0,0,21.0,True,False,9.0
6,6,7,22.0,96.137,1.0,36.24,29.81,30.087,285.0,321.0,306.0,327.0,0,22.0,True,False,7.0
6,6,7,23.0,94.873,1.0,35.271,29.629,29.973,287.0,305.0,297.0,308.0,0,23.0,True,True,7.0
6,6,7,24.0,94.396,1.0,35.091,29.423,29.882,286.0,305.0,297.0,307.0,0,24.0,True,True,6.0
6,6,7,25.0,94.092,1.0,34.765,29.432,29.895,287.0,305.0,297.0,308.0,0,25.0,True,True,6.0
6,6,7,26.0,94.097,1.0,34.812,29.37,29.915,289.0,306.0,297.0,307.0,0,26.0,True,False,6.0
6,6,7,27.0,94.134,1.0,34.798,29.38,29.956,286.0,304.0,297.0,306.0,0,27.0,True,False,6.0
6,6,7,28.0,94.231,1.0,34.827,29.423,29.981,284.0,303.0,297.0,306.0,0,28.0,True,False,6.0
6,6,7,29.0,94.398,1.0,34.889,29.469,30.04,289.0,302.0,296.0,305.0,0,29.0,True,False,6.0
6,6,7,30.0,95.998,1.0,36.201,29.652,30.145,287.0,308.0,299.0,311.0,0,30.0,True,False,7.0
6,6,7,31.0,95.421,1.0,35.258,29.616,30.547,290.0,307.0,298.0,317.0,0,31.0,True,False,7.0
6,6,7,32.0,94.621,1.0,35.071,29.532,30.018,286.0,306.0,299.0,309.0,0,32.0,True,False,7.0
6,6,7,33.0,94.595,1.0,34.896,29.587,30.112,288.0,305.0,299.0,307.0,0,33.0,True,False,7.0
6,6,7,34.0,96.999,1.0,34.831,29.486,32.682,287.0,305.0,299.0,307.0,0,34.0,True,False,8.0
6,6,7,35.0,110.49,2.0,51.67,29.094,29.726,288.0,304.0,300.0,304.0,1,1.0,True,False,10.0
6,6,7,36.0,93.512,2.0,34.681,29.258,29.573,287.0,306.0,300.0,308.0,1,2.0,True,True,10.0
6,6,7,37.0,93.341,2.0,34.496,29.185,29.66,289.0,307.0,301.0,308.0,1,3.0,True,True,10.0
6,6,7,38.0,93.762,2.0,34.704,29.347,29.711,291.0,309.0,301.0,310.0,1,4.0,True,False,10.0
6,6,7,39.0,93.257,2.0,34.553,29.131,29.573,293.0,321.0,305.0,324.0,1,5.0,True,True,10.0
6,6,7,40.0,93.522,2.0,34.789,29.227,29.506,288.0,324.0,314.0,334.0,1,6.0,True,False,10.0
6,6,7,41.0,93.933,2.0,35.134,29.252,29.547,287.0,322.0,314.0,334.0,1,7.0,True,False,10.0
6,6,7,42.0,93.892,2.0,35.152,29.096,29.644,289.0,334.0,315.0,342.0,1,8.0,True,False,10.0
6,6,7,43.0,94.173,2.0,35.109,29.342,29.722,289.0,330.0,314.0,340.0,1,9.0,True,False,10.0
6,6,7,44.0,93.859,2.0,34.909,29.269,29.681,293.0,321.0,314.0,330.0,1,10.0,True,False,10.0
6,6,7,45.0,93.407,2.0,34.761,29.082,29.564,290.0,329.0,314.0,343.0,1,11.0,True,False,10.0
6,6,7,46.0,93.671,2.0,35.028,29.144,29.499,289.0,323.0,314.0,335.0,1,12.0,True,False,10.0
6,6,7,47.0,93.597,2.0,34.883,29.166,29.548000000000002,289.0,325.0,314.0,334.0,1,13.0,True,False,10.0
6,6,7,48.0,93.634,2.0,34.769,29.107,29.758,294.0,324.0,314.0,337.0,1,14.0,True,False,10.0
6,6,7,49.0,93.751,2.0,34.786,29.306,29.659,291.0,324.0,314.0,336.0,1,15.0,True,False,10.0
6,6,7,50.0,93.624,2.0,34.725,29.063,29.836,294.0,332.0,306.0,338.0,1,16.0,True,False,10.0
14,1,1,1.0,138.128,1.0,34.9285,34.869,62.039,288.0,87.0,268.0,137.0,1,2.0,False,False,11.0
14,1,1,4.0,98.215,1.0,37.053,30.357,30.805,284.0,303.0,303.0,314.0,1,5.0,False,True,11.0
14,1,1,5.0,96.176,1.0,36.197,29.951,30.028,285.0,322.0,302.0,332.0,1,6.0,False,True,11.0
14,1,1,6.0,95.37,1.0,35.542,29.913,29.915,283.0,320.0,303.0,329.0,1,7.0,False,True,11.0
14,1,1,7.0,95.152,1.0,35.282,29.877,29.993,284.0,320.0,303.0,330.0,1,8.0,False,True,11.0
14,1,1,8.0,95.182,1.0,35.295,29.927,29.96,286.0,321.0,302.0,331.0,1,9.0,False,False,11.0
14,1,1,9.0,95.308,1.0,35.407,29.948,29.953,284.0,318.0,302.0,330.0,1,10.0,False,False,11.0
14,1,1,10.0,95.098,1.0,35.158,29.816,30.124,286.0,316.0,301.0,329.0,1,11.0,False,True,11.0
14,1,1,11.0,95.739,1.0,35.569,29.748,30.422,284.0,314.0,291.0,312.0,1,12.0,False,False,11.0
14,1,1,12.0,95.792,1.0,35.465,30.012,30.315,289.0,303.0,291.0,313.0,1,13.0,False,False,11.0
14,1,1,13.0,95.896,1.0,35.543,29.944,30.409,279.0,301.0,291.0,309.0,1,14.0,False,False,11.0
14,1,1,14.0,96.232,1.0,35.697,30.022,30.513,278.0,300.0,291.0,308.0,1,15.0,False,False,11.0
14,1,1,15.0,96.272,1.0,36.187,29.854,30.231,285.0,313.0,302.0,326.0,1,16.0,False,False,12.0
14,1,1,16.0,95.497,1.0,35.557,29.794,30.146,284.0,315.0,302.0,328.0,1,17.0,False,False,12.0
14,1,1,17.0,95.284,1.0,35.51,29.597,30.177,289.0,316.0,303.0,325.0,1,18.0,False,False,12.0
14,1,1,18.0,95.8,1.0,35.399,29.865,30.536,286.0,303.0,294.0,314.0,1,19.0,False,False,12.0
14,1,1,19.0,98.587,1.0,35.676,30.047,32.864,280.0,300.0,299.0,310.0,1,20.0,False,False,12.0
14,1,1,20.0,112.48,2.0,52.999,29.54,29.941,284.0,296.0,294.0,306.0,0,2.0,False,False,17.0
14,1,1,21.0,94.448,2.0,34.877,29.596,29.975,289.0,302.0,297.0,311.0,0,3.0,False,True,17.0
14,1,1,22.0,94.676,2.0,35.091,29.601,29.984,281.0,300.0,297.0,310.0,0,4.0,False,False,17.0
14,1,1,23.0,94.909,2.0,35.28,29.695,29.934,282.0,302.0,300.0,316.0,0,5.0,False,False,17.0
14,1,1,24.0,94.831,2.0,35.202,29.762,29.867,288.0,318.0,312.0,339.0,0,6.0,False,False,17.0
14,1,1,25.0,97.031,2.0,36.91,30.116,30.005,290.0,320.0,311.0,329.0,0,7.0,False,False,17.0
14,1,1,26.0,94.528,2.0,34.94,29.569,30.019,289.0,307.0,296.0,316.0,0,8.0,False,False,16.0
14,1,1,27.0,94.778,2.0,35.013,29.747,30.018,285.0,307.0,300.0,316.0,0,9.0,False,False,16.0
14,1,1,28.0,95.114,2.0,35.471,29.745,29.898,289.0,319.0,313.0,327.0,0,10.0,False,False,16.0
14,1,1,29.0,94.39,2.0,34.817,29.492,30.081,289.0,309.0,296.0,317.0,0,11.0,False,True,15.0
14,1,1,30.0,94.741,2.0,35.029,29.643,30.069,288.0,307.0,297.0,313.0,0,12.0,False,False,15.0
14,1,1,31.0,94.898,2.0,35.12,29.732,30.046,289.0,306.0,298.0,311.0,0,13.0,False,False,15.0
14,1,1,32.0,94.614,2.0,34.902,29.686,30.026,287.0,306.0,298.0,313.0,0,14.0,False,False,15.0
14,1,1,33.0,94.256,2.0,34.896,29.495,29.865,290.0,325.0,311.0,333.0,0,15.0,False,True,14.0
14,1,1,34.0,94.461,2.0,34.87,29.566,30.025,283.0,301.0,296.0,309.0,0,16.0,False,False,13.0
14,1,1,35.0,94.438,2.0,34.876,29.551,30.011,288.0,305.0,296.0,311.0,0,17.0,False,False,13.0
14,1,1,36.0,94.177,2.0,34.741,29.422,30.014,289.0,306.0,298.0,313.0,0,18.0,False,True,13.0
14,1,1,37.0,94.508,2.0,34.956,29.453,30.099,288.0,305.0,298.0,312.0,0,19.0,False,False,13.0
14,1,1,38.0,94.094,2.0,34.774,29.275,30.045,289.0,318.0,308.0,316.0,0,20.0,False,True,13.0
14,1,1,39.0,93.896,2.0,34.669,29.291,29.936,289.0,305.0,297.0,314.0,0,21.0,False,True,12.0
14,1,1,40.0,94.436,2.0,34.729,29.646,30.061,286.0,297.0,296.0,309.0,0,22.0,False,False,12.0
14,1,1,41.0,94.244,2.0,34.737,29.532,29.975,284.0,305.0,297.0,306.0,0,23.0,False,False,12.0
14,1,1,42.0,94.252,2.0,34.617,29.599,30.036,287.0,297.0,297.0,303.0,0,24.0,False,False,12.0
14,1,1,43.0,93.833,2.0,34.409,29.402,30.022,290.0,298.0,297.0,306.0,0,25.0,False,True,12.0
14,1,1,44.0,93.496,2.0,34.249,29.292,29.955,289.0,297.0,297.0,306.0,0,26.0,False,True,12.0
14,1,1,45.0,93.594,2.0,34.29,29.294,30.01,289.0,296.0,296.0,306.0,0,27.0,False,False,12.0
14,1,1,46.0,93.363,2.0,34.199,29.365,29.799,289.0,299.0,296.0,308.0,0,28.0,False,True,12.0
14,1,1,47.0,93.068,2.0,34.095,29.245,29.728,289.0,297.0,297.0,306.0,0,29.0,False,True,12.0
14,1,1,48.0,93.178,2.0,34.071,29.206,29.901,289.0,296.0,297.0,306.0,0,30.0,False,False,12.0
14,1,1,49.0,93.009,2.0,34.029,29.216,29.764,291.0,294.0,296.0,307.0,0,31.0,False,True,12.0
14,1,1,50.0,93.021,2.0,34.102,29.202,29.717,290.0,296.0,296.0,313.0,0,32.0,False,False,12.0
30,9,7,1.0,143.086,1.0,34.9285,38.681,62.302,284.0,82.0,220.0,144.0,1,1.0,True,False,13.0
30,9,7,4.0,97.713,1.0,37.011,30.519,30.183,289.0,305.0,301.0,315.0,1,4.0,True,True,12.0
30,9,7,5.0,96.362,1.0,36.342,29.992,30.028,288.0,328.0,311.0,334.0,1,5.0,True,True,12.0
30,9,7,6.0,95.545,1.0,35.761,29.957,29.826999999999998,286.0,321.0,309.0,332.0,1,6.0,True,True,12.0
30,9,7,7.0,95.127,1.0,35.516,29.993,29.618,289.0,310.0,310.0,332.0,1,7.0,True,True,12.0
30,9,7,8.0,95.085,1.0,35.29,29.939,29.856,289.0,323.0,309.0,333.0,1,8.0,True,True,12.0
30,9,7,9.0,95.319,1.0,35.486,29.99,29.843,289.0,322.0,309.0,332.0,1,9.0,True,False,12.0
30,9,7,10.0,95.536,1.0,35.48,29.97,30.086,288.0,310.0,298.0,316.0,1,10.0,True,False,12.0
30,9,7,11.0,95.736,1.0,35.557,30.066,30.113,286.0,309.0,297.0,313.0,1,11.0,True,False,12.0
30,9,7,12.0,95.542,1.0,35.412,30.075,30.055,289.0,309.0,306.0,314.0,1,12.0,True,False,12.0
30,9,7,13.0,95.686,1.0,35.697,30.002,29.987,287.0,308.0,306.0,327.0,1,13.0,True,False,12.0
30,9,7,14.0,95.772,1.0,35.841,29.967,29.964,288.0,319.0,311.0,328.0,1,14.0,True,False,12.0
30,9,7,15.0,95.34,1.0,35.142,30.009,30.189,287.0,303.0,295.0,309.0,1,15.0,True,False,11.0
30,9,7,16.0,95.529,1.0,35.361,30.007,30.161,286.0,303.0,295.0,308.0,1,16.0,True,False,11.0
30,9,7,17.0,95.29,1.0,35.212,29.885,30.193,287.0,304.0,296.0,308.0,1,17.0,True,False,11.0
30,9,7,18.0,95.162,1.0,35.059,29.977,30.126,288.0,305.0,296.0,310.0,1,18.0,True,False,11.0
30,9,7,19.0,95.159,1.0,35.173,29.958,30.028,289.0,306.0,297.0,312.0,1,19.0,True,False,11.0
30,9,7,20.0,97.855,1.0,35.276,30.067,32.512,287.0,305.0,299.0,311.0,1,20.0,True,False,10.0
30,9,7,21.0,111.798,2.0,52.303,29.716,29.779,288.0,305.0,298.0,308.0,0,2.0,False,False,16.0
30,9,7,22.0,94.381,2.0,35.031,29.645,29.705,291.0,308.0,300.0,311.0,0,3.0,False,True,16.0
30,9,7,23.0,95.469,2.0,35.961,29.793,29.715,287.0,322.0,314.0,328.0,0,4.0,False,False,16.0
30,9,7,24.0,96.381,2.0,36.078,30.179,30.124,292.0,316.0,313.0,332.0,0,5.0,False,False,16.0
30,9,7,25.0,94.842,2.0,35.334,29.672,29.836,290.0,308.0,300.0,315.0,0,6.0,False,False,15.0
30,9,7,26.0,94.725,2.0,35.244,29.627,29.854,287.0,307.0,300.0,313.0,0,7.0,False,False,15.0
30,9,7,27.0,95.216,2.0,35.248,29.615,30.353,289.0,313.0,313.0,331.0,0,8.0,False,False,15.0
30,9,7,28.0,95.19,2.0,35.777,29.586,29.826999999999998,290.0,308.0,300.0,312.0,0,9.0,False,False,14.0
30,9,7,29.0,94.591,2.0,34.955,29.753,29.883,287.0,306.0,299.0,313.0,0,10.0,False,False,14.0
30,9,7,30.0,94.725,2.0,35.22,29.737,29.768,288.0,308.0,301.0,315.0,0,11.0,False,False,14.0
30,9,7,31.0,94.607,2.0,35.125,29.71,29.772,291.0,311.0,309.0,329.0,0,12.0,False,False,14.0
30,9,7,32.0,94.755,2.0,35.357,29.666,29.732,289.0,323.0,313.0,330.0,0,13.0,False,False,14.0
30,9,7,33.0,94.198,2.0,34.847,29.553,29.798000000000002,292.0,321.0,309.0,332.0,0,14.0,False,True,12.0
30,9,7,34.0,93.724,2.0,34.551,29.437,29.736,289.0,307.0,299.0,310.0,0,15.0,False,True,12.0
30,9,7,35.0,94.401,2.0,34.997,29.57,29.834,288.0,306.0,300.0,309.0,0,16.0,False,False,12.0
30,9,7,36.0,93.869,2.0,34.796,29.414,29.659,291.0,321.0,313.0,323.0,0,17.0,False,False,11.0
30,9,7,37.0,93.927,2.0,34.57,29.622,29.735,286.0,302.0,299.0,305.0,0,18.0,False,False,11.0
30,9,7,38.0,93.462,2.0,34.402,29.43,29.63,289.0,304.0,299.0,305.0,0,19.0,False,True,11.0
30,9,7,39.0,93.616,2.0,34.519,29.485,29.612,289.0,305.0,300.0,309.0,0,20.0,False,False,11.0
30,9,7,40.0,93.218,2.0,34.381,29.311,29.526,291.0,307.0,300.0,310.0,0,21.0,False,True,11.0
30,9,7,41.0,93.546,2.0,34.507,29.434,29.605,290.0,306.0,301.0,309.0,0,22.0,False,False,11.0
30,9,7,42.0,93.312,2.0,34.432,29.334,29.546,291.0,307.0,301.0,311.0,0,23.0,False,False,11.0
30,9,7,43.0,92.998,2.0,34.227,29.284,29.487,294.0,309.0,301.0,313.0,0,24.0,False,True,11.0
30,9,7,44.0,93.255,2.0,34.302,29.389,29.564,293.0,308.0,302.0,312.0,0,25.0,False,False,11.0
30,9,7,45.0,93.313,2.0,34.424,29.368,29.521,292.0,309.0,302.0,312.0,0,26.0,False,False,11.0
30,9,7,46.0,93.095,2.0,34.347,29.281,29.467,293.0,310.0,302.0,315.0,0,27.0,False,False,11.0
30,9,7,47.0,93.284,2.0,34.483,29.37,29.431,294.0,311.0,304.0,315.0,0,28.0,False,False,11.0
30,9,7,48.0,93.269,2.0,34.425,29.182,29.662,295.0,315.0,304.0,317.0,0,29.0,False,False,11.0
30,9,7,49.0,93.147,2.0,34.385,29.289,29.473,292.0,319.0,306.0,326.0,0,30.0,False,False,11.0
30,9,7,50.0,93.964,2.0,34.826,29.453,29.685,291.0,313.0,303.0,317.0,0,31.0,False,False,11.0
87,3,3,1.0,144.14,1.0,34.9285,39.552,62.157,284.0,83.0,197.0,159.0,1,1.0,True,False,14.0
87,3,3,4.0,97.923,1.0,37.144,30.563,30.216,282.0,304.0,297.0,311.0,1,4.0,True,True,13.0
87,3,3,5.0,96.423,1.0,36.453,30.177,29.793,283.0,320.0,309.0,330.0,1,5.0,True,True,13.0
87,3,3,6.0,95.844,1.0,36.011,30.135,29.698,284.0,319.0,306.0,329.0,1,6.0,True,True,13.0
87,3,3,7.0,95.057,1.0,35.447,29.934,29.676,286.0,318.0,308.0,332.0,1,7.0,True,True,13.0
87,3,3,8.0,95.085,1.0,35.367,29.954,29.764,284.0,320.0,307.0,330.0,1,8.0,True,False,13.0
87,3,3,9.0,95.329,1.0,35.571,29.909,29.849,285.0,321.0,306.0,332.0,1,9.0,True,False,13.0
87,3,3,10.0,95.505,1.0,35.586,29.961,29.958,284.0,317.0,304.0,325.0,1,10.0,True,False,13.0
87,3,3,11.0,95.423,1.0,35.655,29.969,29.799,286.0,319.0,305.0,327.0,1,11.0,True,False,13.0
87,3,3,12.0,95.788,1.0,35.831,30.006,29.951,289.0,317.0,307.0,326.0,1,12.0,True,False,13.0
87,3,3,13.0,95.866,1.0,35.816,30.21,29.84,285.0,316.0,306.0,328.0,1,13.0,True,False,13.0
87,3,3,14.0,96.353,1.0,35.816,30.318,30.219,284.0,318.0,296.0,314.0,1,14.0,True,False,13.0
87,3,3,15.0,96.363,1.0,35.868,30.3,30.195,289.0,306.0,297.0,314.0,1,15.0,True,False,13.0
87,3,3,16.0,96.195,1.0,35.67,30.395,30.13,289.0,304.0,295.0,311.0,1,16.0,True,False,13.0
87,3,3,17.0,96.134,1.0,35.622,30.323,30.189,289.0,303.0,296.0,311.0,1,17.0,True,False,13.0
87,3,3,18.0,98.409,1.0,35.632,30.409,32.368,285.0,302.0,299.0,308.0,1,18.0,True,False,14.0
87,3,3,19.0,113.304,2.0,53.406,30.05,29.848,281.0,297.0,294.0,304.0,0,1.0,True,False,18.0
87,3,3,20.0,94.759,2.0,35.106,29.819,29.834,285.0,300.0,296.0,307.0,0,2.0,True,True,18.0
87,3,3,21.0,94.397,2.0,35.057,29.646,29.694,288.0,305.0,297.0,312.0,0,3.0,True,True,18.0
87,3,3,22.0,94.693,2.0,35.101,29.853,29.739,289.0,304.0,297.0,311.0,0,4.0,True,False,18.0
87,3,3,23.0,94.728,2.0,35.151,29.83,29.747,289.0,306.0,299.0,313.0,0,5.0,True,False,18.0
87,3,3,24.0,94.648,2.0,35.093,29.828,29.727,289.0,306.0,300.0,315.0,0,6.0,True,False,18.0
87,3,3,25.0,95.489,2.0,35.678,29.882,29.929,289.0,320.0,307.0,331.0,0,7.0,True,False,18.0
87,3,3,26.0,96.042,2.0,36.023,30.127,29.892,288.0,316.0,310.0,329.0,0,8.0,True,False,18.0
87,3,3,27.0,94.789,2.0,35.273,29.779,29.737,289.0,306.0,299.0,313.0,0,9.0,True,False,17.0
87,3,3,28.0,94.735,2.0,35.104,29.781,29.85,287.0,307.0,300.0,314.0,0,10.0,True,False,17.0
87,3,3,29.0,94.908,2.0,35.36,29.899,29.649,286.0,305.0,308.0,325.0,0,11.0,True,False,17.0
87,3,3,30.0,95.207,2.0,35.771,29.828,29.608,287.0,318.0,312.0,335.0,0,12.0,True,False,17.0
87,3,3,31.0,95.12,2.0,35.436,29.815,29.869,289.0,302.0,298.0,307.0,0,13.0,True,False,16.0
87,3,3,32.0,94.743,2.0,34.966,29.88,29.897,289.0,302.0,298.0,308.0,0,14.0,True,False,16.0
87,3,3,33.0,94.641,2.0,34.863,29.848,29.93,288.0,303.0,299.0,306.0,0,15.0,True,False,16.0
87,3,3,34.0,94.606,2.0,35.014,29.713,29.879,289.0,303.0,298.0,307.0,0,16.0,True,False,15.0
87,3,3,35.0,94.132,2.0,34.759,29.632,29.741,289.0,304.0,299.0,309.0,0,17.0,True,True,15.0
87,3,3,36.0,94.29,2.0,34.889,29.635,29.766,289.0,305.0,300.0,307.0,0,18.0,True,False,15.0
87,3,3,37.0,94.332,2.0,34.841,29.662,29.829,289.0,304.0,299.0,309.0,0,19.0,True,False,15.0
87,3,3,38.0,94.227,2.0,34.837,29.663,29.727,290.0,305.0,301.0,311.0,0,20.0,True,False,15.0
87,3,3,39.0,93.982,2.0,34.932,29.509,29.541,289.0,319.0,312.0,335.0,0,21.0,True,True,14.0
87,3,3,40.0,93.96,2.0,34.639,29.535,29.786,288.0,304.0,297.0,307.0,0,22.0,True,True,13.0
87,3,3,41.0,93.777,2.0,34.668,29.556,29.553,289.0,303.0,299.0,309.0,0,23.0,True,True,13.0
87,3,3,42.0,93.755,2.0,34.55,29.482,29.723,289.0,303.0,299.0,309.0,0,24.0,True,True,13.0
87,3,3,43.0,93.646,2.0,34.448,29.484,29.714,289.0,304.0,299.0,309.0,0,25.0,True,True,13.0
87,3,3,44.0,93.608,2.0,34.585,29.357,29.666,291.0,306.0,299.0,311.0,0,26.0,True,True,13.0
87,3,3,45.0,93.374,2.0,34.435,29.404,29.535,290.0,306.0,299.0,311.0,0,27.0,True,True,13.0
87,3,3,46.0,93.559,2.0,34.532,29.439,29.588,288.0,304.0,298.0,311.0,0,28.0,True,False,13.0
87,3,3,47.0,93.345,2.0,34.429,29.445,29.471,291.0,306.0,300.0,313.0,0,29.0,True,True,13.0
87,3,3,48.0,93.412,2.0,34.433,29.398,29.581,289.0,305.0,299.0,312.0,0,30.0,True,False,13.0
87,3,3,49.0,93.375,2.0,34.348,29.494,29.533,289.0,305.0,298.0,312.0,0,31.0,True,False,13.0
87,3,3,50.0,93.238,2.0,34.359,29.39,29.489,290.0,315.0,290.0,316.0,0,32.0,True,True,13.0
31,12,3,1.0,149.408,1.0,34.9285,43.922,61.646,284.0,88.0,299.0,158.0,1,1.0,True,False,18.0
31,12,3,4.0,98.241,2.0,36.925,30.701,30.615,287.0,306.0,296.0,314.0,0,3.0,True,True,17.0
31,12,3,5.0,96.859,2.0,36.475,30.406,29.978,282.0,318.0,308.0,329.0,0,4.0,True,True,17.0
31,12,3,6.0,95.957,2.0,36.068,30.0,29.889,286.0,322.0,308.0,330.0,0,5.0,True,True,17.0
31,12,3,7.0,95.602,2.0,35.937,29.947,29.718,287.0,322.0,308.0,331.0,0,6.0,True,True,17.0
31,12,3,8.0,95.452,2.0,35.738,29.973,29.741,285.0,319.0,308.0,330.0,0,7.0,True,True,17.0
31,12,3,9.0,95.559,2.0,35.826,29.999,29.734,286.0,318.0,308.0,329.0,0,8.0,True,False,17.0
31,12,3,10.0,96.085,2.0,35.936,30.187,29.962,289.0,317.0,307.0,328.0,0,9.0,True,False,17.0
31,12,3,11.0,96.147,2.0,36.131,30.186,29.83,288.0,319.0,307.0,329.0,0,10.0,True,False,17.0
31,12,3,12.0,95.688,2.0,35.746,30.092,29.85,286.0,318.0,307.0,328.0,0,11.0,True,False,17.0
31,12,3,13.0,96.118,2.0,36.203,30.089,29.826,289.0,318.0,307.0,328.0,0,12.0,True,False,17.0
31,12,3,14.0,95.833,2.0,35.866,29.995,29.972,287.0,319.0,306.0,328.0,0,13.0,True,False,17.0
31,12,3,15.0,96.453,2.0,36.304,30.196,29.953,285.0,316.0,310.0,326.0,0,14.0,True,False,17.0
31,12,3,16.0,96.083,2.0,36.159,30.104,29.82,286.0,316.0,308.0,326.0,0,15.0,True,False,17.0
31,12,3,17.0,95.912,2.0,36.127,29.985,29.8,284.0,315.0,305.0,326.0,0,16.0,True,False,17.0
31,12,3,18.0,96.427,2.0,36.023,30.401,30.003,285.0,304.0,298.0,317.0,0,17.0,True,False,17.0
31,12,3,19.0,95.622,2.0,35.771,29.998,29.853,289.0,316.0,309.0,328.0,0,18.0,True,False,16.0
31,12,3,20.0,96.289,2.0,36.477,30.02,29.792,286.0,316.0,314.0,326.0,0,19.0,True,False,15.0
31,12,3,21.0,95.857,2.0,35.696,30.159,30.002,289.0,303.0,299.0,311.0,0,20.0,True,False,13.0
31,12,3,22.0,95.75,2.0,35.641,29.982,30.127,283.0,303.0,297.0,308.0,0,21.0,True,False,12.0
31,12,3,23.0,95.532,2.0,35.457,30.033,30.042,286.0,303.0,297.0,310.0,0,22.0,True,False,11.0
31,12,3,24.0,95.281,2.0,35.357,29.996,29.928,287.0,304.0,298.0,311.0,0,23.0,True,True,11.0
31,12,3,25.0,95.371,2.0,35.348,29.985,30.038,286.0,303.0,297.0,311.0,0,24.0,True,False,11.0
31,12,3,26.0,96.517,2.0,36.382,30.062,30.073,285.0,306.0,298.0,313.0,0,25.0,True,False,12.0
31,12,3,27.0,95.493,2.0,35.361,30.007,30.125,289.0,305.0,298.0,313.0,0,26.0,True,False,12.0
31,12,3,28.0,96.509,2.0,36.276,30.127,30.106,286.0,307.0,300.0,312.0,0,27.0,True,False,13.0
31,12,3,29.0,95.813,2.0,35.583,30.188,30.042,289.0,304.0,298.0,312.0,0,28.0,True,False,13.0
31,12,3,30.0,95.115,2.0,35.278,29.944,29.893,288.0,306.0,299.0,312.0,0,29.0,True,True,13.0
31,12,3,31.0,95.312,2.0,35.207,29.945,30.16,289.0,304.0,297.0,310.0,0,30.0,True,False,13.0
31,12,3,32.0,95.146,2.0,35.256,29.882,30.008,289.0,308.0,299.0,312.0,0,31.0,True,False,13.0
31,12,3,33.0,95.874,2.0,35.899,29.95,30.025,287.0,306.0,300.0,310.0,0,32.0,True,False,13.0
31,12,3,34.0,95.988,2.0,36.019,29.965,30.004,289.0,306.0,299.0,312.0,0,33.0,True,False,14.0
31,12,3,35.0,94.657,2.0,34.986,29.791,29.88,288.0,306.0,299.0,310.0,0,34.0,True,True,14.0
31,12,3,36.0,94.595,2.0,35.032,29.756,29.807,289.0,304.0,300.0,311.0,0,35.0,True,True,14.0
31,12,3,37.0,94.459,2.0,34.829,29.821,29.809,287.0,303.0,299.0,308.0,0,36.0,True,True,14.0
31,12,3,38.0,94.707,2.0,34.981,29.793,29.933,289.0,305.0,300.0,309.0,0,37.0,True,False,14.0
31,12,3,39.0,94.757,2.0,35.026,29.807,29.924,287.0,306.0,290.0,320.0,0,38.0,True,False,13.0
31,12,3,40.0,95.64,2.0,36.002,29.764,29.874,288.0,306.0,300.0,310.0,0,39.0,True,False,14.0
31,12,3,41.0,94.733,2.0,34.881,29.807,30.045,287.0,304.0,299.0,308.0,0,40.0,True,False,14.0
31,12,3,42.0,94.731,2.0,34.816,29.742,30.173,289.0,306.0,299.0,310.0,0,41.0,True,False,14.0
31,12,3,43.0,94.968,2.0,34.621,30.152,30.195,290.0,304.0,298.0,309.0,0,42.0,True,False,14.0
31,12,3,44.0,94.73,2.0,34.924,29.772,30.034,288.0,304.0,298.0,307.0,0,43.0,True,False,14.0
31,12,3,45.0,94.62,2.0,34.75,29.756,30.114,289.0,304.0,298.0,307.0,0,44.0,True,False,14.0
31,12,3,46.0,94.576,2.0,34.891,29.826999999999998,29.858,287.0,304.0,296.0,308.0,0,45.0,True,False,14.0
31,12,3,47.0,94.309,2.0,34.858,29.662,29.789,289.0,303.0,298.0,308.0,0,46.0,True,True,14.0
31,12,3,48.0,95.028,2.0,34.943,29.873,30.212,289.0,302.0,297.0,306.0,0,47.0,True,False,14.0
31,12,3,49.0,95.264,2.0,35.144,29.971,30.149,289.0,303.0,297.0,308.0,0,48.0,True,False,14.0
31,12,3,50.0,101.401,2.0,35.111,32.584,33.706,289.0,254.0,224.0,259.0,0,49.0,True,False,14.0
27,8,4,1.0,147.149,1.0,34.9285,43.253,60.331,282.0,81.0,190.0,165.0,0,1.0,True,False,16.0
27,8,4,4.0,98.025,1.0,37.01,30.456,30.559,289.0,305.0,303.0,324.0,0,4.0,True,True,15.0
27,8,4,5.0,96.556,1.0,36.499,30.039,30.018,282.0,306.0,312.0,332.0,0,5.0,True,True,15.0
27,8,4,6.0,95.975,1.0,36.142,29.997,29.836,283.0,325.0,312.0,334.0,0,6.0,True,True,15.0
27,8,4,7.0,95.524,1.0,35.767,29.816,29.941,285.0,319.0,310.0,333.0,0,7.0,True,True,15.0
27,8,4,8.0,95.524,1.0,35.739,29.881,29.904,289.0,323.0,310.0,330.0,0,8.0,True,False,15.0
27,8,4,9.0,95.641,1.0,35.702,30.04,29.899,289.0,322.0,310.0,329.0,0,9.0,True,False,15.0
27,8,4,10.0,96.29,1.0,35.966,30.112,30.212,284.0,311.0,301.0,317.0,0,10.0,True,False,15.0
27,8,4,11.0,95.868,1.0,35.663,30.146,30.059,283.0,310.0,301.0,315.0,0,11.0,True,False,15.0
27,8,4,12.0,95.843,1.0,35.621,30.104,30.118,284.0,309.0,301.0,315.0,0,12.0,True,False,15.0
27,8,4,13.0,95.98,1.0,35.73,30.199,30.051,289.0,309.0,300.0,316.0,0,13.0,True,False,15.0
27,8,4,14.0,95.923,1.0,35.676,30.139,30.108,283.0,310.0,301.0,315.0,0,14.0,True,False,15.0
27,8,4,15.0,96.336,1.0,35.77,30.28,30.286,289.0,309.0,300.0,313.0,0,15.0,True,False,15.0
27,8,4,16.0,95.959,1.0,35.682,30.085,30.192,282.0,308.0,300.0,315.0,0,16.0,True,False,15.0
27,8,4,17.0,96.095,1.0,35.562,30.273,30.26,283.0,308.0,300.0,314.0,0,17.0,True,False,15.0
27,8,4,18.0,96.049,1.0,35.646,30.209,30.194,284.0,307.0,301.0,313.0,0,18.0,True,False,15.0
27,8,4,19.0,96.401,1.0,35.882,30.233,30.286,283.0,307.0,301.0,312.0,0,19.0,True,False,14.0
27,8,4,20.0,96.195,1.0,35.734,30.232,30.229,284.0,306.0,299.0,312.0,0,20.0,True,False,13.0
27,8,4,21.0,95.83,1.0,35.639,30.08,30.111,283.0,307.0,300.0,312.0,0,21.0,True,False,12.0
27,8,4,22.0,95.46,1.0,35.573,29.839,30.048,285.0,309.0,301.0,313.0,0,22.0,True,True,11.0
27,8,4,23.0,95.146,1.0,35.371,29.796,29.979,287.0,312.0,301.0,318.0,0,23.0,True,True,10.0
27,8,4,24.0,95.429,1.0,35.491,29.836,30.102,286.0,309.0,301.0,313.0,0,24.0,True,False,10.0
27,8,4,25.0,95.286,1.0,35.352,29.924,30.01,289.0,309.0,301.0,313.0,0,25.0,True,False,10.0
27,8,4,26.0,95.872,1.0,35.508,30.113,30.251,284.0,307.0,300.0,311.0,0,26.0,True,False,10.0
27,8,4,27.0,95.344,1.0,35.334,29.914,30.096,285.0,307.0,301.0,313.0,0,27.0,True,False,10.0
27,8,4,28.0,96.979,1.0,36.684,30.055,30.24,283.0,308.0,302.0,313.0,0,28.0,True,False,11.0
27,8,4,29.0,96.22,1.0,36.416,29.887,29.917,288.0,313.0,303.0,317.0,0,29.0,True,False,12.0
27,8,4,30.0,95.485,1.0,35.377,29.996,30.112,289.0,311.0,302.0,315.0,0,30.0,True,False,12.0
27,8,4,31.0,95.047,1.0,35.155,29.87,30.022,290.0,311.0,301.0,316.0,0,31.0,True,True,12.0
27,8,4,32.0,95.368,1.0,35.496,29.833,30.039,287.0,308.0,302.0,311.0,0,32.0,True,False,12.0
27,8,4,33.0,98.006,1.0,35.228,29.931,32.847,286.0,306.0,299.0,310.0,0,33.0,True,False,15.0
27,8,4,34.0,109.669,2.0,51.15,29.143,29.376,291.0,303.0,302.0,305.0,1,1.0,True,False,17.0
27,8,4,35.0,93.658,2.0,34.796,29.341,29.521,284.0,304.0,301.0,306.0,1,2.0,True,True,17.0
27,8,4,36.0,94.282,2.0,34.88,29.672,29.73,285.0,304.0,301.0,307.0,1,3.0,True,False,17.0
27,8,4,37.0,94.157,2.0,35.082,29.493,29.582,287.0,306.0,302.0,309.0,1,4.0,True,False,17.0
27,8,4,38.0,93.515,2.0,34.634,29.323,29.558,289.0,309.0,302.0,312.0,1,5.0,True,True,17.0
27,8,4,39.0,93.446,2.0,34.55,29.357,29.539,288.0,309.0,303.0,310.0,1,6.0,True,True,17.0
27,8,4,40.0,93.533,2.0,34.484,29.372,29.677,287.0,310.0,302.0,311.0,1,7.0,True,False,16.0
27,8,4,41.0,94.291,2.0,34.876,29.592,29.823,288.0,309.0,304.0,310.0,1,8.0,True,False,16.0
27,8,4,42.0,94.128,2.0,35.023,29.378,29.727,291.0,320.0,302.0,311.0,1,9.0,True,False,15.0
27,8,4,43.0,93.606,2.0,34.425,29.44,29.741,287.0,306.0,301.0,309.0,1,10.0,True,False,15.0
27,8,4,44.0,93.851,2.0,34.553,29.463,29.835,288.0,307.0,302.0,309.0,1,11.0,True,False,15.0
27,8,4,45.0,94.029,2.0,34.856,29.523,29.65,289.0,307.0,301.0,312.0,1,12.0,True,False,15.0
27,8,4,46.0,94.244,2.0,34.905,29.648,29.691,289.0,308.0,301.0,312.0,1,13.0,True,False,15.0
27,8,4,47.0,94.133,2.0,34.898,29.591,29.644,289.0,308.0,302.0,313.0,1,14.0,True,False,15.0
27,8,4,48.0,94.23,2.0,34.961,29.543,29.726,289.0,308.0,302.0,313.0,1,15.0,True,False,15.0
27,8,4,49.0,98.447,2.0,37.353,31.323,29.771,245.0,310.0,301.0,321.0,1,16.0,True,False,15.0
18,16,1,1.0,145.831,1.0,34.9285,40.767,62.454,289.0,83.0,220.0,172.0,0,2.0,False,False,15.0
18,16,1,4.0,97.99,1.0,36.967,30.473,30.55,277.0,304.0,296.0,313.0,0,5.0,False,True,14.0
18,16,1,5.0,96.355,1.0,36.219,30.071,30.065,286.0,318.0,308.0,330.0,0,6.0,False,True,14.0
18,16,1,6.0,95.992,1.0,35.981,29.987,30.024,289.0,319.0,306.0,329.0,0,7.0,False,True,14.0
18,16,1,7.0,95.425,1.0,35.427,30.012,29.986,289.0,319.0,298.0,330.0,0,8.0,False,True,14.0
18,16,1,8.0,95.586,1.0,35.488,29.979,30.119,287.0,308.0,297.0,315.0,0,9.0,False,False,14.0
18,16,1,9.0,95.783,1.0,35.619,29.929,30.235,286.0,305.0,296.0,313.0,0,10.0,False,False,14.0
18,16,1,10.0,95.564,1.0,35.425,29.964,30.175,289.0,305.0,294.0,312.0,0,11.0,False,False,14.0
18,16,1,11.0,95.714,1.0,35.455,29.969,30.29,287.0,305.0,294.0,313.0,0,12.0,False,False,14.0
18,16,1,12.0,96.148,1.0,35.331,30.015,30.802,288.0,306.0,295.0,316.0,0,13.0,False,False,14.0
18,16,1,13.0,95.801,1.0,35.53,29.923000000000002,30.348,289.0,304.0,295.0,313.0,0,14.0,False,False,14.0
18,16,1,14.0,96.027,1.0,35.658,29.976,30.393,286.0,307.0,294.0,312.0,0,15.0,False,False,14.0
18,16,1,15.0,95.97,1.0,35.588,30.051,30.331,289.0,306.0,295.0,312.0,0,16.0,False,False,14.0
18,16,1,16.0,95.999,1.0,35.606,30.025,30.368,287.0,308.0,295.0,313.0,0,17.0,False,False,14.0
18,16,1,17.0,95.892,1.0,35.588,29.977,30.327,289.0,308.0,296.0,315.0,0,18.0,False,False,14.0
18,16,1,18.0,96.123,1.0,35.643,30.05,30.43,289.0,306.0,295.0,312.0,0,19.0,False,False,13.0
18,16,1,19.0,95.768,1.0,35.401,30.023,30.344,288.0,303.0,295.0,311.0,0,20.0,False,False,13.0
18,16,1,20.0,95.717,1.0,35.555,29.934,30.228,287.0,302.0,295.0,310.0,0,21.0,False,False,12.0
18,16,1,21.0,95.665,1.0,35.52,29.899,30.246,288.0,303.0,297.0,311.0,0,22.0,False,False,11.0
18,16,1,22.0,95.747,1.0,35.494,29.943,30.31,286.0,301.0,295.0,310.0,0,23.0,False,False,10.0
18,16,1,23.0,95.642,1.0,35.386,29.888,30.368,287.0,300.0,295.0,309.0,0,24.0,False,False,9.0
18,16,1,24.0,95.691,1.0,35.286,30.06,30.345,289.0,300.0,296.0,309.0,0,25.0,False,False,9.0
18,16,1,25.0,95.267,1.0,35.19,29.807,30.27,288.0,301.0,296.0,310.0,0,26.0,False,True,9.0
18,16,1,26.0,95.29,1.0,35.168,29.847,30.275,289.0,300.0,295.0,308.0,0,27.0,False,False,9.0
18,16,1,27.0,95.219,1.0,35.042,29.899,30.278,287.0,298.0,295.0,310.0,0,28.0,False,True,9.0
18,16,1,28.0,95.394,1.0,35.18,29.923000000000002,30.291,285.0,297.0,296.0,308.0,0,29.0,False,False,9.0
18,16,1,29.0,95.171,1.0,35.23,29.731,30.21,286.0,299.0,295.0,311.0,0,30.0,False,True,9.0
18,16,1,30.0,95.254,1.0,35.155,29.809,30.29,289.0,298.0,295.0,309.0,0,31.0,False,False,9.0
18,16,1,31.0,96.856,1.0,36.142,29.997,30.717,289.0,302.0,306.0,311.0,0,32.0,False,False,11.0
18,16,1,32.0,95.746,1.0,35.529,29.974,30.243,288.0,303.0,297.0,311.0,0,33.0,False,False,11.0
18,16,1,33.0,95.184,1.0,35.121,29.783,30.28,289.0,305.0,297.0,310.0,0,34.0,False,False,11.0
18,16,1,34.0,95.18,1.0,35.168,29.758,30.254,289.0,302.0,297.0,308.0,0,35.0,False,False,11.0
18,16,1,35.0,95.19,1.0,35.175,29.81,30.205,289.0,303.0,297.0,308.0,0,36.0,False,False,11.0
18,16,1,36.0,95.173,1.0,35.064,29.849,30.26,287.0,301.0,297.0,309.0,0,37.0,False,False,12.0
18,16,1,37.0,95.966,1.0,35.822,29.923000000000002,30.221,288.0,304.0,298.0,314.0,0,38.0,False,False,12.0
18,16,1,38.0,95.327,1.0,35.248,29.815,30.264,287.0,303.0,297.0,311.0,0,39.0,False,False,12.0
18,16,1,39.0,99.544,1.0,36.362,29.965,33.217,288.0,308.0,299.0,313.0,0,40.0,False,False,15.0
18,16,1,40.0,110.558,2.0,51.438,29.293,29.826999999999998,288.0,296.0,296.0,301.0,1,2.0,False,False,17.0
18,16,1,41.0,93.453,2.0,34.19,29.357,29.906,289.0,298.0,296.0,304.0,1,3.0,False,True,17.0
18,16,1,42.0,93.372,2.0,34.225,29.38,29.767,288.0,296.0,298.0,305.0,1,4.0,False,True,17.0
18,16,1,43.0,92.876,2.0,34.026,29.206,29.644,290.0,301.0,298.0,310.0,1,5.0,False,True,17.0
18,16,1,44.0,92.745,2.0,33.907,29.189,29.649,291.0,302.0,300.0,310.0,1,6.0,False,True,17.0
18,16,1,45.0,94.891,2.0,34.532,29.801,30.558,292.0,312.0,314.0,284.0,1,7.0,False,False,17.0
18,16,1,46.0,94.254,2.0,34.98,29.585,29.689,289.0,303.0,298.0,306.0,1,8.0,False,False,16.0
18,16,1,47.0,93.363,2.0,34.346,29.334,29.683,290.0,305.0,297.0,312.0,1,9.0,False,False,16.0
18,16,1,48.0,95.026,2.0,36.031,29.291,29.704,289.0,305.0,298.0,311.0,1,10.0,False,False,16.0
18,16,1,49.0,93.207,2.0,34.252,29.324,29.631,289.0,316.0,307.0,316.0,1,11.0,False,False,16.0
7,5,0,1.0,148.383,1.0,34.9285,41.751,63.695,289.0,84.0,299.0,153.0,1,1.0,True,False,17.0
7,5,0,4.0,98.096,2.0,36.762,30.611,30.723,292.0,285.0,299.0,323.0,0,3.0,True,True,16.0
7,5,0,5.0,96.72,2.0,36.451,30.27,29.999,283.0,317.0,310.0,331.0,0,4.0,True,True,16.0
7,5,0,6.0,95.928,2.0,35.931,30.158,29.839,286.0,322.0,311.0,332.0,0,5.0,True,True,16.0
7,5,0,7.0,95.558,2.0,35.881,29.946,29.731,289.0,320.0,310.0,332.0,0,6.0,True,True,16.0
7,5,0,8.0,95.407,2.0,35.59,29.979,29.838,287.0,320.0,310.0,334.0,0,7.0,True,True,16.0
7,5,0,9.0,95.612,2.0,35.7,29.904,30.008,289.0,320.0,310.0,336.0,0,8.0,True,False,16.0
7,5,0,10.0,96.202,2.0,35.803,30.165,30.234,289.0,318.0,308.0,330.0,0,9.0,True,False,16.0
7,5,0,11.0,95.967,2.0,36.009,30.015,29.943,288.0,319.0,308.0,333.0,0,10.0,True,False,16.0
7,5,0,12.0,95.805,2.0,35.703,30.071,30.031,287.0,318.0,308.0,332.0,0,11.0,True,False,16.0
7,5,0,13.0,96.006,2.0,35.977,30.021,30.008,288.0,319.0,309.0,332.0,0,12.0,True,False,16.0
7,5,0,14.0,95.713,2.0,35.724,30.015,29.974,289.0,320.0,309.0,333.0,0,13.0,True,False,16.0
7,5,0,15.0,96.929,2.0,36.448,30.272,30.209,287.0,306.0,306.0,318.0,0,14.0,True,False,16.0
7,5,0,16.0,96.094,2.0,35.658,30.226,30.21,289.0,308.0,298.0,318.0,0,15.0,True,False,16.0
7,5,0,17.0,95.843,2.0,35.691,30.067,30.085,289.0,308.0,308.0,319.0,0,16.0,True,False,16.0
7,5,0,18.0,95.547,2.0,35.664,29.981,29.902,291.0,317.0,310.0,334.0,0,17.0,True,False,16.0
7,5,0,19.0,96.466,2.0,36.09,30.149,30.227,289.0,316.0,309.0,332.0,0,18.0,True,False,15.0
7,5,0,20.0,96.593,2.0,36.379,30.093,30.121,288.0,307.0,307.0,317.0,0,19.0,True,False,14.0
7,5,0,21.0,97.546,2.0,36.789,30.415,30.342,289.0,308.0,300.0,317.0,0,20.0,True,False,14.0
7,5,0,22.0,96.055,2.0,35.683,30.09,30.282,289.0,308.0,299.0,318.0,0,21.0,True,False,13.0
7,5,0,23.0,96.058,2.0,35.567,30.035,30.456,289.0,308.0,299.0,307.0,0,22.0,True,False,12.0
7,5,0,24.0,96.474,2.0,36.279,30.08,30.115,290.0,308.0,300.0,318.0,0,23.0,True,False,13.0
7,5,0,25.0,96.225,2.0,35.611,30.068,30.546,286.0,306.0,309.0,279.0,0,24.0,True,False,14.0
7,5,0,26.0,95.604,2.0,35.575,29.99,30.039,290.0,308.0,300.0,318.0,0,25.0,True,False,14.0
7,5,0,27.0,96.248,2.0,35.63,30.018,30.6,289.0,307.0,301.0,294.0,0,26.0,True,False,14.0
7,5,0,28.0,96.92,2.0,36.786,29.992,30.142,288.0,308.0,301.0,315.0,0,27.0,True,False,15.0
7,5,0,29.0,96.424,2.0,36.134,30.179,30.111,283.0,307.0,300.0,315.0,0,28.0,True,False,16.0
7,5,0,30.0,95.546,2.0,35.644,29.892,30.01,289.0,307.0,300.0,314.0,0,29.0,True,False,16.0
7,5,0,31.0,96.998,2.0,36.761,30.079,30.158,288.0,307.0,300.0,314.0,0,30.0,True,False,17.0
7,5,0,32.0,98.193,2.0,35.389,29.999,32.805,289.0,306.0,299.0,313.0,0,31.0,True,False,18.0
7,5,0,33.0,113.585,3.0,54.059,29.647,29.879,290.0,303.0,297.0,309.0,0,1.0,True,False,18.0
7,5,0,34.0,93.259,3.0,34.302,29.343,29.614,291.0,304.0,299.0,312.0,0,2.0,True,True,18.0
7,5,0,35.0,93.419,3.0,34.158,29.458,29.803,289.0,302.0,296.0,309.0,0,3.0,True,False,18.0
7,5,0,36.0,93.757,3.0,34.328,29.634,29.795,286.0,300.0,299.0,307.0,0,4.0,True,False,18.0
7,5,0,37.0,93.586,3.0,34.5,29.48,29.606,288.0,301.0,300.0,307.0,0,5.0,True,False,18.0
7,5,0,38.0,93.515,3.0,34.431,29.443,29.641,287.0,301.0,299.0,307.0,0,6.0,True,False,18.0
7,5,0,39.0,93.851,3.0,34.362,29.505,29.984,289.0,301.0,299.0,307.0,0,7.0,True,False,18.0
7,5,0,40.0,94.852,3.0,34.855,29.546,30.451,288.0,304.0,267.0,311.0,0,8.0,True,False,18.0
7,5,0,41.0,95.78,3.0,35.968,29.814,29.998,289.0,306.0,301.0,309.0,0,9.0,True,False,18.0
7,5,0,42.0,95.677,3.0,34.903,30.967,29.807,284.0,318.0,301.0,326.0,0,10.0,True,False,18.0
7,5,0,43.0,94.589,3.0,34.909,29.769,29.911,292.0,305.0,299.0,311.0,0,11.0,True,False,18.0
7,5,0,44.0,96.12,3.0,34.8,30.955,30.365,290.0,297.0,271.0,325.0,0,12.0,True,False,18.0
7,5,0,45.0,96.501,3.0,36.873,29.791,29.837,289.0,306.0,301.0,315.0,0,13.0,True,False,18.0
7,5,0,46.0,94.425,3.0,34.879,29.739,29.807,291.0,305.0,301.0,311.0,0,14.0,True,False,18.0
7,5,0,47.0,94.27,3.0,34.83,29.642,29.798000000000002,288.0,304.0,300.0,310.0,0,15.0,True,False,18.0
7,5,0,48.0,93.15,3.0,34.324,29.226,29.6,293.0,307.0,302.0,313.0,0,16.0,True,True,18.0
7,5,0,49.0,93.906,3.0,34.512,29.456,29.938,291.0,309.0,309.0,330.0,0,17.0,True,False,17.0
5,4,4,1.0,149.952,1.0,34.9285,44.862,60.721,282.0,92.0,299.0,157.0,1,1.0,True,False,19.0
5,4,4,4.0,98.211,2.0,36.879,30.69,30.642,288.0,309.0,301.0,316.0,0,3.0,True,True,18.0
5,4,4,5.0,96.931,2.0,36.579,30.257,30.095,283.0,325.0,312.0,335.0,0,4.0,True,True,18.0
5,4,4,6.0,96.526,2.0,36.121,30.187,30.218,288.0,327.0,302.0,334.0,0,5.0,True,True,18.0
5,4,4,7.0,96.3,2.0,35.912,30.275,30.113,286.0,311.0,301.0,319.0,0,6.0,True,True,18.0
5,4,4,8.0,96.994,2.0,35.556,31.194,30.244,285.0,308.0,299.0,315.0,0,7.0,True,False,18.0
5,4,4,9.0,95.575,2.0,35.398,29.981,30.196,287.0,311.0,300.0,318.0,0,8.0,True,True,18.0
5,4,4,10.0,95.59,2.0,35.417,30.138,30.035,288.0,310.0,300.0,317.0,0,9.0,True,False,18.0
5,4,4,11.0,95.738,2.0,35.435,30.156,30.147,285.0,310.0,300.0,316.0,0,10.0,True,False,18.0
5,4,4,12.0,95.81,2.0,35.497,30.212,30.101,286.0,310.0,300.0,317.0,0,11.0,True,False,18.0
5,4,4,13.0,95.972,2.0,35.566,30.246,30.16,285.0,312.0,300.0,317.0,0,12.0,True,False,18.0
5,4,4,14.0,96.006,2.0,35.496,30.283,30.227,286.0,310.0,299.0,316.0,0,13.0,True,False,18.0
5,4,4,15.0,96.196,2.0,35.58,30.24,30.376,289.0,311.0,300.0,309.0,0,14.0,True,False,18.0
5,4,4,16.0,96.199,2.0,35.63,30.296,30.273,288.0,311.0,300.0,316.0,0,15.0,True,False,18.0
5,4,4,17.0,96.087,2.0,35.742,30.168,30.177,286.0,310.0,300.0,317.0,0,16.0,True,False,18.0
5,4,4,18.0,96.045,2.0,35.51,30.267,30.268,289.0,309.0,300.0,315.0,0,17.0,True,False,18.0
5,4,4,19.0,96.091,2.0,35.714,30.208,30.169,285.0,310.0,301.0,316.0,0,18.0,True,False,17.0
5,4,4,20.0,96.004,2.0,35.59,30.2,30.214,288.0,310.0,301.0,317.0,0,19.0,True,False,16.0
5,4,4,21.0,96.354,2.0,35.922,30.283,30.149,287.0,312.0,302.0,317.0,0,20.0,True,False,15.0
5,4,4,22.0,96.605,2.0,35.873,30.193,30.539,289.0,309.0,312.0,315.0,0,21.0,True,False,15.0
5,4,4,23.0,96.614,2.0,36.161,30.215,30.238,286.0,311.0,302.0,316.0,0,22.0,True,False,14.0
5,4,4,24.0,97.032,2.0,36.544,30.274,30.214,285.0,309.0,302.0,315.0,0,23.0,True,False,15.0
5,4,4,25.0,97.371,2.0,36.907,30.308,30.156,289.0,308.0,300.0,314.0,0,24.0,True,False,16.0
5,4,4,26.0,96.924,2.0,36.467,30.303,30.154,286.0,308.0,300.0,314.0,0,25.0,True,False,17.0
5,4,4,27.0,96.757,2.0,36.519,29.957,30.281,290.0,315.0,303.0,313.0,0,26.0,True,False,18.0
5,4,4,28.0,95.567,2.0,35.494,29.919,30.154,288.0,313.0,302.0,317.0,0,27.0,True,True,18.0
5,4,4,29.0,95.117,2.0,35.22,29.852,30.045,287.0,309.0,302.0,316.0,0,28.0,True,True,18.0
5,4,4,30.0,95.107,2.0,35.227,29.893,29.987,285.0,310.0,302.0,314.0,0,29.0,True,True,18.0
5,4,4,31.0,95.554,2.0,35.455,30.009,30.09,286.0,309.0,302.0,313.0,0,30.0,True,False,18.0
5,4,4,32.0,95.195,2.0,35.218,29.838,30.139,290.0,311.0,302.0,318.0,0,31.0,True,False,17.0
5,4,4,33.0,95.019,2.0,35.081,29.896,30.042,289.0,308.0,302.0,311.0,0,32.0,True,True,17.0
5,4,4,34.0,94.994,2.0,35.098,29.832,30.064,287.0,307.0,301.0,310.0,0,33.0,True,True,16.0
5,4,4,35.0,94.748,2.0,34.835,29.72,30.193,291.0,309.0,301.0,310.0,0,34.0,True,True,16.0
5,4,4,36.0,94.979,2.0,35.066,29.762,30.151,290.0,309.0,301.0,311.0,0,35.0,True,False,16.0
5,4,4,37.0,94.603,2.0,34.81,29.755,30.038,289.0,308.0,301.0,309.0,0,36.0,True,True,16.0
5,4,4,38.0,94.747,2.0,35.018,29.707,30.022,288.0,307.0,301.0,309.0,0,37.0,True,False,16.0
5,4,4,39.0,94.447,2.0,34.87,29.615,29.962,290.0,310.0,302.0,312.0,0,38.0,True,True,16.0
5,4,4,40.0,94.466,2.0,34.86,29.654,29.951999999999998,289.0,311.0,301.0,311.0,0,39.0,True,False,15.0
5,4,4,41.0,94.89,2.0,34.867,29.804,30.219,286.0,308.0,301.0,310.0,0,40.0,True,False,15.0
5,4,4,42.0,96.922,2.0,35.481,30.38,31.061,292.0,244.0,303.0,321.0,0,41.0,True,False,16.0
5,4,4,43.0,95.355,2.0,35.373,29.923000000000002,30.059,289.0,307.0,302.0,312.0,0,42.0,True,False,16.0
5,4,4,44.0,94.825,2.0,34.919,29.848,30.058,290.0,309.0,302.0,313.0,0,43.0,True,False,16.0
5,4,4,45.0,95.517,2.0,35.133,30.055,30.329,291.0,310.0,300.0,320.0,0,44.0,True,False,16.0
5,4,4,46.0,98.984,2.0,37.513,31.27,30.201,288.0,310.0,301.0,314.0,0,45.0,True,False,17.0
5,4,4,47.0,98.344,2.0,35.303,31.224,31.817,289.0,197.0,303.0,321.0,0,46.0,True,False,17.0
5,4,4,48.0,97.13,2.0,36.846,30.12,30.164,290.0,310.0,301.0,312.0,0,47.0,True,False,17.0
5,4,4,49.0,95.698,2.0,35.323,30.03,30.345,289.0,308.0,301.0,318.0,0,48.0,True,False,18.0
22,17,8,1.0,165.662,1.0,34.9285,33.152,37.433,266.0,272.0,299.0,266.0,1,1.0,True,False,20.0
